"sample_id","Rmax","Rmin","Rmean","Rsd","Rcv","Rhom","Gmax","Gmin","Gmean","Gsd","Gcv","Ghom","Bmax","Bmin","Bmean","Bsd","Bcv","Bhom","NIRmax","NIRmin","NIRmean","NIRsd","NIRcv","NIRhom","NDVImax","NDVImin","NDVImean","NDVIsd","NDVIcv","NDVIhom","file_name","area","rdnbr","date","weather","prev_fire","elev_m","slope_deg","aspect_deg"
2,159,17,46.258064516129,26.0349103177151,56.2818842293702,0.564332234753584,161,28,53.3164627363738,22.4310153436706,42.0714619696021,0.588823671253782,157,34,57.0347608453838,18.505591794048,32.4461635671884,0.639964941919683,153,17,50.8837597330367,27.3939853685494,53.8364018544872,0.614958678360183,0.527472527472527,-0.25,0.0476266080391048,0.0937511443740688,196.846150154327,0.535826309678737,"data/NAIP/ColterBay2015/m_4311003_nw_12_h_20150912.tif",899,719,"829","moderate","wilcox",2343.71843596181,25.4624502347045,336.128358062272
5,165,26,97.5002779321845,26.5081305277493,27.1877486812774,0.356978071056831,167,39,99.2440244580322,24.2594959411992,24.444288785828,0.385219343278493,159,49,95.443579766537,20.5230739818327,21.502833435244,0.477847567198676,169,36,105.899110617009,24.5142658287495,23.148698497957,0.470685302398295,0.494623655913978,-0.254658385093168,0.0466347378653564,0.0806803774596886,173.004891102055,0.574217633340554,"data/NAIP/ColterBay2015/m_4311003_nw_12_h_20150912.tif",899.5,435,"828","moderate","wilcox",2109.12583251953,8.73103260444556,325.74040836377
7,176,28,101.152905198777,25.4850711067498,25.1946012392514,0.350930782495305,178,35,99.3947734222964,23.3623308849348,23.5045868917834,0.373903740832369,166,42,89.3230469835974,20.5242241327851,22.9775235237486,0.467602974912873,172,34,111.499026966917,24.4017589869221,21.8851766250502,0.432162206601384,0.483568075117371,-0.193548387096774,0.0525614966093575,0.0747083104853243,142.135051900375,0.603171239040535,"data/NAIP/ColterBay2015/m_4311003_nw_12_h_20150912.tif",899.25,690,"830","moderate","wilcox",2565.74648775695,14.8572042612051,38.0570379550167
8,181,58,121.059216013344,24.5474070126071,20.2771898092428,0.397698611052474,174,74,123.266611064776,19.2370850019953,15.6060792422421,0.453551689543756,166,60,109.264386989158,20.4914017073085,18.7539620840429,0.503228531783933,182,105,153.911871003614,10.6733148775351,6.93469243661166,0.632864918416149,0.484444444444444,-0.0583333333333333,0.127171685843128,0.115811950057798,91.0674017490474,0.593494536899693,"data/NAIP/ColterBay2015/m_4311003_nw_12_h_20150912.tif",899.25,324,"827","moderate","wilcox",2365.13513920193,24.0030873044061,85.8490174483175
12,156,17,50.1223241590214,26.4812995562423,52.8333432269142,0.54377212774178,156,28,63.5979983319433,24.7545947779761,38.9235438649688,0.529626786314433,147,33,58.0492076730609,18.8720170737553,32.5103784017939,0.638493459726406,173,26,93.402279677509,34.8438711442115,37.305161356358,0.424615465402449,0.628571428571429,-0.133333333333333,0.312494901418105,0.134462654850757,43.0287515862064,0.562347438032125,"data/NAIP/ColterBay2015/m_4311003_nw_12_h_20150912.tif",899.25,917,"830","moderate","none",2269.01191274282,12.2538728988187,270.472234503883
18,114,12,33.0219688542825,19.0963683347733,57.8292845561108,0.669323266310618,118,23,50.9029477196885,24.3876728976215,47.9101387839445,0.559955529387343,96,31,48.3704115684093,12.0423292812325,24.8960653646729,0.684184601675722,176,16,79.4343715239155,46.3696387397086,58.3747788899519,0.45179219271408,0.774193548387097,-0.0526315789473684,0.383535333818424,0.139411621274272,36.3490945896194,0.508155071231828,"data/NAIP/ColterBay2015/m_4311003_nw_12_h_20150912.tif",899,1207,"830","moderate","none",2151.82746563766,17.180029103552,343.771339593945
24,166,28,109.403503893215,18.5470083949838,16.9528467873268,0.504969032642951,159,45,109.258620689655,15.6892589495573,14.3597446595286,0.547826115341785,146,52,97.9613459399333,12.0579687821121,12.3089047689337,0.624166435828073,164,39,123.086484983315,21.6868091733123,17.6191636118719,0.653477502702072,0.621621621621622,-0.182795698924731,0.0574597154535891,0.0644755895106937,112.210074487353,0.695624881486806,"data/NAIP/ColterBay2015/m_4311003_nw_12_h_20150912.tif",899,128,"826","moderate","none",2076.44528478674,6.59744682484547,348.124680240496
27,153,21,92.6669444444444,28.9147584848173,31.2028832483542,0.4470683790732,152,33,94.8755555555556,24.3997814096637,25.7176690737543,0.461842583402126,147,44,90.6572222222222,19.1110660574507,21.0805775745091,0.572306163955671,187,25,117.602777777778,30.1356476318164,25.6249454317829,0.516481893460821,0.650793650793651,-0.100401606425703,0.127055307451427,0.112929037639238,88.8817947903598,0.610041948571639,"data/NAIP/ColterBay2015/m_4311003_nw_12_h_20150912.tif",900,281,"826","moderate","wilcox",2089.22393371582,13.355409255666,56.214363790073
29,146,9,35.0447470817121,24.1411600023845,68.8866720769757,0.578058588590912,137,19,49.3790994997221,28.1785033927694,57.0656485805863,0.583098219899848,109,23,43.6598110061145,15.2546142239437,34.9397165778096,0.650327157222677,183,13,68.4430239021679,47.7846323889735,69.8166586813531,0.488095937972244,0.73972602739726,-0.1875,0.291384565232894,0.15373134931039,52.7589198787923,0.463697422399021,"data/NAIP/ColterBay2015/m_4311003_nw_12_h_20150912.tif",899.5,279,"901","moderate","none",2562.39399182707,17.4006891049725,40.1465534775412
31,173,14,52.2579298831386,28.6726580378077,54.8675734035518,0.48488024657843,171,23,67.3171953255426,29.4437076884102,43.7387617621648,0.459064205516959,159,25,54.1279910962716,18.9094192213735,34.9346407254269,0.605890133972657,183,31,112.695882025598,42.8416543489753,38.0152793331385,0.406434397217423,0.705128205128205,-0.0332326283987915,0.381096500555928,0.141506253543642,37.1313442493485,0.514683807868354,"data/NAIP/ColterBay2015/m_4311003_nw_12_h_20150912.tif",898.5,488,"826","moderate","none",2418.94822522718,23.3016023344738,121.997129349124
35,172,18,77.817575083426,32.6024493275749,41.8959975206407,0.45477653389587,160,31,84.6804783092325,27.5220375453449,32.5010416743764,0.465477047580087,141,39,78.5186318131257,19.5241567975689,24.8656355144297,0.607082724372555,188,27,117.244160177976,36.6973474060188,31.2999362614842,0.451273071122624,0.714285714285714,-0.0705882352941176,0.218161522648652,0.15086305546167,69.1519996881547,0.535240139602403,"data/NAIP/ColterBay2015/m_4311003_nw_12_h_20150912.tif",899,75,"901","moderate","none",2124.94579591896,12.4737174628188,69.2424026118795
36,182,25,127.958298582152,36.0688677612149,28.1879863681197,0.466498424090061,181,34,127.650542118432,29.9855254821974,23.4903236481184,0.485997459164499,172,40,113.850152905199,30.4173337332408,26.716989794971,0.50671163329482,184,33,148.873227689741,24.2364154801075,16.2799019381895,0.642045086950517,0.56,-0.108910891089109,0.0907822142026554,0.123737269778074,136.3012247111,0.691057279374874,"data/NAIP/ColterBay2015/m_4311003_nw_12_h_20150912.tif",899.25,426,"829","moderate","none",2203.78674317628,33.0102938520495,134.024408138454
37,169,16,95.4226918798665,28.7371644364045,30.1156505546747,0.382634145384608,160,29,93.765850945495,24.6694015565048,26.3095799886089,0.41480791750159,149,36,84.9388209121246,20.1476368683054,23.7201748881699,0.485845377252221,180,28,117.154616240267,27.1181930288309,23.1473533857304,0.460048627534255,0.624309392265193,-0.2,0.113206911884215,0.114211262359212,100.887181231499,0.566948672649759,"data/NAIP/ColterBay2015/m_4311003_nw_12_h_20150912.tif",899,1046,"831","moderate","wilcox",2352.02560309967,18.0631148621933,69.233580672045
38,178,32,90.3701334816463,26.6069435358806,29.4421868274482,0.508845403422437,177,46,100.988320355951,20.6855758567923,20.4831368458078,0.573977469845084,166,44,82.2391546162403,23.8041050621706,28.9449778189596,0.622136928317983,179,91,153.005005561735,11.6302314551152,7.60120978553385,0.667561221207735,0.576158940397351,-0.133603238866397,0.269519626648637,0.137874193765624,51.1555301111207,0.620082621361703,"data/NAIP/ColterBay2015/m_4311003_nw_12_h_20150912.tif",899,498,"828","moderate","wilcox",2287.74108806088,17.7394202252524,158.897927106268
42,183,43,130.853129346314,33.0757736665907,25.2770215216273,0.431990297356903,181,54,133.57719054242,26.0734874393937,19.5194159523168,0.456220870900597,176,56,121.295132127955,30.7538826482839,25.3545893464557,0.466477406669625,184,58,154.043949930459,12.5538246384353,8.14950839945516,0.677277541126374,0.505050505050505,-0.111111111111111,0.0948432161946654,0.146162737588652,154.109849341943,0.660383996375454,"data/NAIP/ColterBay2015/m_4311003_nw_12_h_20150912.tif",898.75,501,"830","moderate","none",2203.09675090434,31.3277119788183,162.566151397214
44,121,11,34.9969410456062,20.7192973172764,59.2031666146938,0.591708964318743,131,21,49.8576195773081,24.5076304499398,49.1552357647938,0.568221725231539,108,27,44.7397107897664,13.2230503141429,29.5555113806579,0.68237350580329,168,17,69.6234705228031,45.8861085668907,65.9060920438634,0.464780371241565,0.671641791044776,-0.148936170212766,0.289540905073489,0.160948432187077,55.5874591005463,0.496921688280087,"data/NAIP/ColterBay2015/m_4311003_nw_12_h_20150912.tif",899,16,"917","moderate","none",2513.3835767397,9.68115167707195,25.2150113470084
47,164,18,106.515842134519,24.366220556284,22.8756775217642,0.429005761256633,165,30,107.537520844914,21.8497181855733,20.3182275487679,0.446536993739896,160,39,102.063090605892,19.4596927959336,19.0663369886334,0.532994943757496,173,22,124.975264035575,22.9905687018665,18.3960953227688,0.544780673968184,0.530864197530864,-0.146919431279621,0.0845889149321241,0.0806180442504549,95.305684338361,0.632578840372061,"data/NAIP/ColterBay2015/m_4311003_nw_12_h_20150912.tif",899.5,531,"827","moderate","wilcox",2158.45441100109,9.45830341399547,232.279378159681
48,170,22,115.997498610339,28.4221374556883,24.5023709960889,0.476981260222168,170,36,115.664813785436,22.9786121285237,19.86655351484,0.504117327326255,166,46,105.90772651473,19.4327920552412,18.348795404024,0.589623616803558,181,29,138.429127292941,23.9089496323335,17.2716176861666,0.630856222609361,0.589041095890411,-0.0778443113772455,0.0971832969693194,0.103969684826548,106.983080497229,0.681637639059474,"data/NAIP/ColterBay2015/m_4311003_nw_12_h_20150912.tif",899.5,158,"917","moderate","none",2080.3013661565,14.7901171698999,111.835026751516
51,92,10,34.7540300166759,16.5005734187752,47.4781583915815,0.56592310976348,113,20,50.5956086714842,20.5324360830175,40.5814587908884,0.509100904419518,91,27,45.3349082823791,11.6161554253875,25.6229820804611,0.645744137806874,164,19,74.6798221234019,38.5333752093964,51.5981079142413,0.401533086860716,0.636363636363636,-0.156626506024096,0.340544451366366,0.139286950717057,40.9012539062656,0.483435840450809,"data/NAIP/ColterBay2015/m_4311003_nw_12_h_20150912.tif",899.5,1279,"911","extreme","none",2526.77105819436,17.7828970208272,10.6749728171116
53,88,9,20.3717699360934,12.1728400764498,59.7534731377599,0.741239324075374,106,18,33.8149485968325,16.8482976887834,49.8249986704449,0.730299970208112,94,24,37.0739094192831,9.48622271356983,25.5873277519414,0.755334625569035,153,11,40.2497916087802,35.3136365823028,87.7361973089058,0.652688965667422,0.661016949152542,-0.225806451612903,0.24421544416562,0.160654540634004,65.7839397434065,0.519326836794244,"data/NAIP/ColterBay2015/m_4311003_nw_12_h_20150912.tif",899.75,270,"824","extreme","none",2267.01218162538,26.739794956473,348.837656466331
60,91,8,28.8732276897415,15.5827672121988,53.9696059603869,0.592804625271736,101,17,45.2021128718376,21.2135446894938,46.9304272338795,0.540594759846749,80,21,39.2149013066444,11.0051166339732,28.0636091569317,0.707649542200476,156,13,68.8115095913261,41.8877817924036,60.8732202522174,0.411738121810299,0.699346405228758,-0.147826086956522,0.368675206179419,0.135044771984904,36.6297406826927,0.51336007412374,"data/NAIP/ColterBay2015/m_4311003_nw_12_h_20150912.tif",899.25,1227,"824","extreme","none",2548.5479953546,31.2766640728741,34.4424689765404
61,165,23,109.58921623124,20.8549997644803,19.0301568728031,0.49553778463723,162,36,106.275708727071,17.7445539730571,16.6967166679898,0.53023143353358,147,42,93.7682045580878,14.5193081554776,15.4842552695814,0.627640844849024,188,43,131.750972762646,17.2670634287884,13.1058337306516,0.642439674634664,0.560693641618497,-0.107913669064748,0.0976056352312488,0.0755042159590363,77.3564106008332,0.686001725817328,"data/NAIP/ColterBay2015/m_4311003_nw_12_h_20150912.tif",899.5,543,"822","extreme","none",2163.16368713379,25.010605713077,71.6741700716925
64,167,23,99.0933852140078,26.2313577981472,26.4713509801854,0.344083891584549,164,39,101.663146192329,23.0190945456533,22.6425163963597,0.361448396177554,157,51,93.5491939966648,18.1100855745351,19.3588900137191,0.52052443420184,184,44,116.152028904947,23.7722714455895,20.4665141622653,0.40106351797506,0.592814371257485,-0.155555555555556,0.0867032235961044,0.100408233534511,115.806805525766,0.576646269464287,"data/NAIP/ColterBay2015/m_4311003_nw_12_h_20150912.tif",899.5,617,"824","extreme","wilcox",2084.88498122431,9.88728813941998,124.065315740791
65,155,10,30.1682892906815,22.0170495033087,72.9807689496978,0.668933608350516,147,20,44.2798331015299,24.1785839088765,54.6040538441892,0.664675627026562,95,27,41.757719054242,11.0741665887835,26.5200466874124,0.778208565194033,168,14,55.3376912378303,41.8185591247105,75.5697575906858,0.570652169828917,0.727272727272727,-0.214285714285714,0.249601136901841,0.160653334054425,64.3640233568341,0.491613676523409,"data/NAIP/ColterBay2015/m_4311003_nw_12_h_20150912.tif",898.75,1278,"911","extreme","none",2321.42133117676,20.731415088884,5.80836189794523
74,115,12,30.7024173381495,16.3171415251319,53.1461133676172,0.664306553799815,127,23,47.2020005557099,20.8098417195966,44.0867791080929,0.596823809496487,125,31,47.7729924979161,12.28510143658,25.7155786025249,0.69876637518715,159,13,63.4378994165046,39.5658620579533,62.3694391237354,0.475820756613718,0.640449438202247,-0.222222222222222,0.301381139306509,0.155879095763401,51.72158288408,0.526819228103061,"data/NAIP/ColterBay2015/m_4311003_nw_12_h_20150912.tif",899.75,846,"822","extreme","none",2177.65937325055,19.6958046419717,336.866807903171
75,167,14,40.044191217343,30.9956276504211,77.4035551927866,0.670953733574766,168,23,49.6750972762646,28.0096650616977,56.3857276532825,0.675892673513876,161,30,54.6998332406893,22.9427120115595,41.9429286202891,0.673507556385112,151,13,39.8735408560311,30.3878435315514,76.2105468417538,0.707519421336333,0.506172839506173,-0.295454545454545,-0.00378241992572749,0.0891426902339036,-2356.76344732555,0.536989138189424,"data/NAIP/ColterBay2015/m_4311003_nw_12_h_20150912.tif",899.5,340,"822","extreme","wilcox",2437.99714904785,40.7276105069656,259.387128887819
6,128,16,48.5746455379483,19.1072525211756,39.3358557938385,0.51616373449463,149,25,62.1198220739505,21.0987755701102,33.9646426304846,0.490131955095125,113,36,55.572699471782,11.231983956325,20.2113340958508,0.693061601073713,181,35,101.926883514039,34.4486841295104,33.7974467008651,0.387693503888815,0.638190954773869,-0.029940119760479,0.353717870589572,0.116284094119931,32.8748145877138,0.543178155936296,"data/NAIP/FlaggRanch2015/m_4411059_ne_12_h_20150924.tif",899.25,1,"917","moderate","none",2112.02120290962,5.52480006958034,239.773743407961
67,136,13,43.5780250347705,17.1788106980643,39.4208105676141,0.546099829302392,138,25,58.0005563282337,20.6622951124023,35.6243050419574,0.504586190548399,132,33,52.6573018080668,11.0235973410776,20.9346034881507,0.705451254047753,168,27,92.6614742698192,35.4514764513171,38.2591327525036,0.387908392973093,0.648148148148148,-0.154761904761905,0.354288869919553,0.103546738132667,29.2266415696827,0.573678458295943,"data/NAIP/FlaggRanch2015/m_4411059_ne_12_h_20150924.tif",898.75,1132,"911","extreme","none",2091.42849208313,3.05522444999057,223.502447325537
79,191,18,61.126842837274,33.9825897339618,55.5935627567532,0.536639922747747,189,31,72.7543810848401,30.9477727898229,42.5373322243429,0.522748237026835,183,36,66.8547983310153,24.685073773504,36.9234137111324,0.657236142473897,170,26,93.967454798331,40.4640967435022,43.061820531741,0.480852475092142,0.586776859504132,-0.317365269461078,0.212749362287429,0.184882239237937,86.9014305143521,0.558759596647149,"data/NAIP/FlaggRanch2015/m_4411059_ne_12_h_20150924.tif",898.75,13,"911","extreme","none",2084.5490625,0.525414696182423,303.467105664351
88,152,17,53.9730330831248,22.2474354186168,41.219538995248,0.521348564802606,148,29,66.5935501807061,22.5446520864396,33.8541075303287,0.499652704777084,134,38,59.3130386433139,13.5289365495703,22.8093802965115,0.682030085357086,170,31,98.3678065054212,33.8098720863996,34.3708712103245,0.405182825062786,0.570093457943925,-0.0693069306930693,0.292310107071996,0.119199775428888,40.7785336685364,0.545805626804624,"data/NAIP/FlaggRanch2015/m_4411059_ne_12_h_20150924.tif",899.25,585,"911","extreme","none",2084.92326397047,0.678754014295963,297.904952406107
97,144,17,48.011673151751,25.3756186338973,52.8530187933512,0.601418005522853,138,29,61.6592551417454,25.3682483676802,41.1426448622553,0.565890853411027,106,38,56.6603668704836,13.4144077531278,23.6751163009427,0.710609609780404,172,28,88.4266259032796,42.1546332254685,47.6718780060397,0.452272435859671,0.58974358974359,-0.0540540540540541,0.286752627409566,0.123095967074203,42.9275812348135,0.567202746426966,"data/NAIP/FlaggRanch2015/m_4411059_ne_12_h_20150924.tif",899.5,132,"911","extreme","none",2075.58335427084,4.73061638066884,273.532516080674
99,101,15,47.1273283291632,15.0168581910184,31.8644377337335,0.58778461274974,109,27,60.0125104253545,16.6967691937767,27.8221475412942,0.566595184830819,100,37,56.0108423686405,10.4565228529628,18.6687477116346,0.697971245914634,174,36,93.619405059772,29.0348260715896,31.0136835980234,0.436446776146024,0.647058823529412,-0.0580645161290323,0.325306348052888,0.111475357856717,34.2678089511472,0.563160659683641,"data/NAIP/FlaggRanch2015/m_4411059_ne_12_h_20150924.tif",899.25,956,"911","extreme","none",2108.39915156544,3.4201966284516,136.140373164309
52,128,14,44.9566184649611,25.0455120222434,55.7104001088599,0.541627963905407,130,24,61.3754171301446,27.3264465932596,44.5234393035811,0.500551293939659,105,31,53.2466629588432,15.1787880865443,28.5065527923819,0.640447801730127,174,23,90.0531145717464,44.3460499175181,49.2443266714413,0.443168765246646,0.70873786407767,-0.04,0.331619649955645,0.127029766373606,38.3058622704042,0.517103424519553,"data/NAIP/FlaggRanch2015/m_4411059_nw_12_h_20150924.tif",899,815,"911","extreme","none",2143.96801022434,10.75078218702,86.6644008109342
58,164,26,115.594271412681,22.8668215472736,19.781967798073,0.439019095673534,162,37,118.493604004449,18.8251367248661,15.8870488268373,0.464380874612926,152,47,110.30617352614,18.4607986192365,16.7359613964505,0.571754973196478,171,55,124.949944382647,15.4884585321475,12.3957306333131,0.512017136091476,0.577777777777778,-0.155963302752294,0.0464173640692606,0.112209346978779,241.740023865528,0.63237365283132,"data/NAIP/FlaggRanch2015/m_4411059_nw_12_h_20150924.tif",899,893,"911","extreme","glade",2099.33526535224,2.86244661039845,116.578639626954
63,169,15,71.9399666481379,39.0264875614775,54.2486873150193,0.531909442810763,156,25,80.2184546970539,32.481479484198,40.4912804751286,0.534876672244898,126,32,64.3426903835464,19.8770649233887,30.8924989068714,0.695217506964268,174,23,110.198721511951,44.3329923443954,40.2300423599628,0.534042247423341,0.668965517241379,-0.325301204819277,0.23346239254753,0.145887813158193,62.4887852669856,0.613558029917781,"data/NAIP/FlaggRanch2015/m_4411059_nw_12_h_20150924.tif",899.5,204,"911","extreme","none",2101.75949792566,4.67759750466076,66.931586066755
70,155,17,69.292662590328,28.7258901640892,41.4558902634791,0.419277346817237,157,30,84.8465814341301,26.4597055339838,31.1853525348285,0.390077611055395,146,38,74.704280155642,20.8430554179662,27.9007513017204,0.538847616507604,180,33,120.999722067815,30.3730169000056,25.101724517171,0.356419189487775,0.693548387096774,-0.0789473684210526,0.288730432547728,0.149467088826224,51.7670020119949,0.503771392118958,"data/NAIP/FlaggRanch2015/m_4411059_nw_12_h_20150924.tif",899.5,1122,"911","extreme","none",2165.96227191714,14.8203645882866,45.2803650385567
71,177,19,85.2507645259939,37.9003868629295,44.4575331067832,0.436106069013821,167,30,90.0886850152905,32.1592806148759,35.6973582303011,0.468860482514401,149,36,75.1053655824298,21.8427810015357,29.0828502493112,0.592787309284382,184,21,117.589936057826,41.2351775225776,35.0669274131588,0.498265941847035,0.664804469273743,-0.188405797101449,0.17668336327505,0.117285018857058,66.3814728693362,0.577856659759792,"data/NAIP/FlaggRanch2015/m_4411059_nw_12_h_20150924.tif",899.25,302,"911","extreme","none",2068.13016559426,0.111359699971877,151.710144251878
77,139,15,54.1011392053348,25.0333806347826,46.2714482587348,0.436178304185636,137,26,68.1931091969992,25.7171231864754,37.7122021408097,0.425122755724035,115,33,57.8602389552654,14.8788203197131,25.7151034775655,0.593549359827045,174,31,100.707418727424,34.4198762332327,34.1780939956309,0.379107799748072,0.648351648351648,-0.106060606060606,0.316001226463969,0.123593846690705,39.1118249994504,0.476175089754513,"data/NAIP/FlaggRanch2015/m_4411059_nw_12_h_20150924.tif",899.75,1277,"911","extreme","none",2170.00245760087,9.74106922077426,268.096306082628
80,145,12,46.720200055571,23.5593654936069,50.4265081604625,0.502428397126852,140,26,63.1536537927202,24.2729180280766,38.4347010352624,0.451088007126209,137,35,57.8068908030008,15.8199182531878,27.3668381631184,0.644534906961946,169,31,96.8935815504307,33.4719243096517,34.5450377352709,0.348351469539024,0.702127659574468,-0.12,0.362827818646621,0.143671248948711,39.5976387600644,0.477091215558368,"data/NAIP/FlaggRanch2015/m_4411059_nw_12_h_20150924.tif",899.75,1290,"911","extreme","none",2099.33849737297,5.92741325103845,32.6865686330862
87,144,13,49.4983324068927,26.7925207614027,54.1281280774456,0.457778304872719,139,26,64.7682045580878,27.7092748930086,42.7822186550768,0.424039617166005,123,29,55.4952751528627,15.4451815623485,27.8315253322098,0.605380417899755,179,26,96.8082267926626,39.7490728153779,41.0596021973524,0.353554474094107,0.73134328358209,-0.151898734177215,0.337499324259122,0.13670601718682,40.5055676739254,0.462146060405797,"data/NAIP/FlaggRanch2015/m_4411059_nw_12_h_20150924.tif",899.5,1296,"911","extreme","none",2151.88152834279,8.97647911661286,44.923360614272
90,151,13,40.1473450097303,20.6326381828132,51.3922855367212,0.480489401000477,150,27,57.3917153183208,23.5123276845778,40.9681563866277,0.413291575661528,122,33,51.1239922157353,10.0675236887489,19.6923660544066,0.688629415697085,182,24,93.008618293022,42.2174463144424,45.3908971977598,0.29737761323487,0.704225352112676,-0.0526315789473684,0.384742054622192,0.142607820644252,37.0658260335718,0.46065427966765,"data/NAIP/FlaggRanch2015/m_4411059_sw_12_h_20150924.tif",899.25,93,"824","extreme","adams_huck",2108.73887098975,18.3049045930763,293.888864315306
96,114,11,33.0439254934668,19.8642435075113,60.114660140602,0.633048487601613,124,23,49.5332221295524,24.7322552424125,49.930640848936,0.56464662063274,106,29,47.3664164581596,13.6952475773021,28.9134129228451,0.685016298135068,183,15,68.356408117876,45.496864799246,66.5583023625081,0.454000792258963,0.704918032786885,-0.190082644628099,0.304422261955664,0.16179021410616,53.1466434375694,0.474677149854987,"data/NAIP/FlaggRanch2015/m_4411059_nw_12_h_20150924.tif",899.25,1025,"911","extreme","none",2123.97152756385,14.0383342711719,43.9987408202361
50,140,16,44.9897079276773,23.636828709676,52.5383021994121,0.526006291487474,139,27,61.0550764951321,24.2441388361382,39.7086372303066,0.503043421674255,119,35,56.6809457579972,13.3915920264092,23.6262677824492,0.674059219553087,184,31,93.6962447844228,39.0393915874926,41.6659084655045,0.392833299977651,0.653543307086614,-0.0439024390243902,0.355092726688535,0.120753300812572,34.0061318458064,0.538048196813868,"data/NAIP/FlaggRanch2015/m_4411059_se_12_h_20150912.tif",898.75,0,"917","moderate","none",2196.98252306888,15.1792703579189,79.0696022449584
62,157,14,61.360755975542,29.7993276328224,48.5641468379239,0.46674697456654,156,28,75.7176209005003,28.0003629133462,36.9799824404695,0.449344343048967,132,33,64.5333518621456,19.0680088736764,29.5475259280022,0.596042059933463,181,33,115.697053918844,35.7784311079594,30.92423695858,0.418414170082441,0.671428571428571,-0.0879120879120879,0.326641398639594,0.142003261170706,43.4737488150998,0.556061686569448,"data/NAIP/FlaggRanch2015/m_4411059_se_12_h_20150912.tif",899.5,947,"824","extreme","none",2300.05188354492,10.6627242915698,167.673932843171
66,181,35,137.626633305532,29.9517296521789,21.7630330211492,0.528945692064122,169,46,132.792048929664,22.7563780043633,17.1368528370375,0.550893042735318,153,48,106.273561301084,17.5259922630722,16.4913945185474,0.60475529053762,180,80,153.574923547401,15.7853991380199,10.2786306340877,0.651315111992824,0.546511627906977,-0.0807017543859649,0.0656965022771965,0.101539367692532,154.55825526921,0.741947264452623,"data/NAIP/FlaggRanch2015/m_4411059_se_12_h_20150912.tif",899.25,161,"824","extreme","adams_huck",2298.99829082014,2.79324075891178,134.942362756263
78,128,10,41.4047817625799,22.240135967967,53.713931148085,0.529904039105163,131,21,58.0967472894078,28.2315151211443,48.5939685753998,0.487675858067623,98,29,51.8273561301084,13.9892278213646,26.9919765659004,0.642918849878232,181,20,94.378926883514,46.1868952067248,48.9377202431326,0.395994323924889,0.681818181818182,-0.008,0.384483382888857,0.118282997285295,30.7641376843295,0.505737396333614,"data/NAIP/FlaggRanch2015/m_4411059_se_12_h_20150912.tif",899.25,869,"824","extreme","none",2304.3741297375,1.53712602049879,289.363170684234
83,161,19,87.333889352238,37.4236857852787,42.8512757909364,0.549149317003245,159,30,92.0717264386989,30.2564745669405,32.86185209863,0.549945548021933,149,35,79.9655268279121,21.8478643886412,27.3216037651554,0.636646668728759,190,23,122.130108423686,38.6077688948375,31.6119991975294,0.601572229218882,0.680473372781065,-0.142857142857143,0.183447979917896,0.158610947472621,86.4609943067289,0.635019827832602,"data/NAIP/FlaggRanch2015/m_4411059_sw_12_h_20150924.tif",899.25,8,"822","extreme","none",2230.77049210169,14.5382235857066,69.7071637227196
84,160,17,62.934963868816,32.5125444943683,51.6605436719383,0.447333030049337,160,30,75.4396887159533,28.4230541328987,37.6765262644676,0.446935941300603,135,37,65.7259588660367,17.9962449010089,27.3807262936841,0.621938212163776,178,32,108.59227348527,36.659107310346,33.7584858791254,0.390562495869371,0.625,-0.0379746835443038,0.28855959130242,0.125589864632133,43.5230255439717,0.542747548633304,"data/NAIP/FlaggRanch2015/m_4411059_se_12_h_20150912.tif",899.5,78,"824","extreme","none",2239.28511009029,5.14380672284916,188.617573655712
93,130,12,44.4855394883204,20.1879227453311,45.3808652823722,0.518925521616949,137,25,59.4446607341491,22.9985667297637,38.6890369054655,0.478528473983171,121,32,53.456340378198,12.9328655466909,24.1933238511881,0.648055727332283,175,25,94.8562291434928,37.8036162198203,39.8535937609678,0.369817981552785,0.701863354037267,-0.0476190476190476,0.359963842969487,0.111245835631816,30.9047249618474,0.551098043925484,"data/NAIP/FlaggRanch2015/m_4411059_se_12_h_20150912.tif",899,875,"822","extreme","none",2338.06058725916,11.9413705174831,10.0658142763291
4,99,7,26.1776480400334,16.2048678718035,61.903452315584,0.655184233859374,106,15,41.4904086738949,22.4304444552307,54.0617583006445,0.584651640073603,91,21,36.2718932443703,11.6994966807377,32.2549931483204,0.763153112800085,173,12,67.5262718932444,50.0479213271939,74.1162216186275,0.497094714635422,0.764705882352941,-0.151515151515152,0.367344254944205,0.176593602464543,48.0730541141483,0.49659553175135,"data/NAIP/FlaggRanch2015/m_4411059_sw_12_h_20150924.tif",899.25,600,"821","moderate","none",2491.28487573501,20.5885385227314,47.4397295680997
14,82,8,30.194220616838,13.0370537031032,43.1773148528728,0.610675247688994,101,17,46.5746040566824,17.364993559949,37.284253750854,0.559848314170202,93,24,42.3826062795221,9.99313481902173,23.578386739869,0.668132698596275,182,14,78.7454848569047,42.6348655173083,54.1426160430454,0.403216412953685,0.752577319587629,-0.189873417721519,0.397811055393553,0.182962099974594,45.9922109991615,0.495376513269551,"data/NAIP/SurveyPeak2015/m_4411058_se_12_h_20150924.tif",899.75,346,"817","moderate","none",2366.77140991211,18.5120789692938,21.5323762614263
17,160,12,58.5658699277376,36.5953607795931,62.4858143911238,0.498268519931441,158,23,70.2003891050584,32.1741184855339,45.8318235777635,0.476371853902194,147,28,59.0833796553641,22.5371345006284,38.1446265127155,0.617117975606484,186,21,104.158421345192,45.8166369361297,43.9874532893396,0.417824980258338,0.732394366197183,-0.0821917808219178,0.30387461277149,0.174080183696579,57.2868467388174,0.486636672411618,"data/NAIP/FlaggRanch2015/m_4411059_sw_12_h_20150924.tif",899.5,778,"821","moderate","none",2324.94493801746,37.5127741197211,85.1700057038923
26,111,6,33.7616796440489,25.2825851626145,74.8854483223881,0.64350086743046,120,16,47.801446051168,26.993339890882,56.4697140374951,0.573760459900297,103,20,40.3787541713014,15.4585374534564,38.2838395357013,0.732449229833544,171,11,73.5656284760845,51.0452784134972,69.3874020665664,0.526373981226489,0.738317757009346,-0.131782945736434,0.329034747869344,0.189146944851748,57.4854011853048,0.512107963936097,"data/NAIP/FlaggRanch2015/m_4411059_sw_12_h_20150924.tif",899,65,"815","moderate","none",2422.43300533982,18.1927549000489,53.6066424320893
33,121,11,38.9179644048943,21.737572501897,55.8548547805426,0.568436130896806,125,21,55.0606229143493,25.0922236883417,45.5719938500777,0.536756468287761,109,27,47.734149054505,13.866920108487,29.0503138385334,0.671118391998394,168,18,83.436318131257,41.6760885969126,49.9495777502434,0.437229837219352,0.66,-0.048951048951049,0.359481988951227,0.125795907187621,34.9936606155499,0.502603789870965,"data/NAIP/FlaggRanch2015/m_4411059_sw_12_h_20150924.tif",899,101,"901","moderate","none",2261.05475620289,4.9661593599903,53.3265027573195
39,121,12,40.3344453711426,17.9863118623592,44.5929321622148,0.552605605226056,118,23,60.1976647206005,22.572639267224,37.4975331219109,0.487270467346642,88,26,49.9293855991104,11.6331110417183,23.2991271615518,0.665458718890298,185,29,113.476786210731,43.2150291070759,38.0827044456685,0.443973489489979,0.76,0,0.471968662329616,0.114468075814964,24.2533212374641,0.545931228734164,"data/NAIP/FlaggRanch2015/m_4411059_sw_12_h_20150924.tif",899.25,91,"821","moderate","none",2255.74552084145,22.509253531902,85.5003380460677
40,146,13,62.4462051709758,32.2813119876361,51.6945936094129,0.449455390610459,143,23,79.5012510425354,29.2441167769717,36.7844736950432,0.443757427428536,116,29,59.8523769808173,18.4552084718031,30.8345455982775,0.602439798685121,193,32,133.111759799833,35.4976815132252,26.6675773550021,0.459099109595291,0.751633986928105,-0.0177514792899408,0.391761816733955,0.153947705294068,39.29625060898,0.529220050248882,"data/NAIP/FlaggRanch2015/m_4411059_sw_12_h_20150924.tif",899.25,216,"817","moderate","none",2287.3712878418,13.3843893056786,107.228546115725
41,158,12,55.8187882156754,37.4617879630133,67.1132232721833,0.590868072653381,157,21,65.0703168426904,34.1149229881321,52.4277806585851,0.597148900708921,140,25,53.6956642579211,22.5405806003542,41.9783997681508,0.633133889556061,191,18,99.8629794330183,53.967750151337,54.04179853009,0.529676560105731,0.709677419354839,-0.0751445086705202,0.293334355309598,0.163403258179222,55.7054621190754,0.547535594449168,"data/NAIP/FlaggRanch2015/m_4411059_sw_12_h_20150924.tif",899.5,262,"821","moderate","none",2507.31014509738,16.5606911955679,82.1877201079923
54,151,13,56.7376320177877,29.5269078765032,52.0411353565943,0.429030228866742,156,24,72.7734852695942,28.8359195432751,39.6242112583319,0.398912497731579,139,33,61.6209005002779,18.8964145020916,30.6655929216846,0.547192316079466,191,29,116.241801000556,37.0871496280949,31.9051746522041,0.369638354710223,0.709302325581395,-0.032258064516129,0.367275765223517,0.148341585096944,40.3897014567966,0.473303729393955,"data/NAIP/FlaggRanch2015/m_4411059_sw_12_h_20150924.tif",899.5,1264,"822","extreme","none",2268.01898193359,6.90434696346323,168.427554742988
55,183,14,56.4560867148416,41.4702969950901,73.4558475591049,0.494888926501094,179,23,69.3240689271818,37.3115136489143,53.8218748932733,0.469215892169708,165,29,62.3262923846581,27.5782251475854,44.2481400584224,0.568526276530903,192,24,102.11061700945,47.0407224976094,46.0683951143455,0.389699645003095,0.725190839694656,-0.112359550561798,0.327405157083717,0.174348914790253,53.251731384815,0.461874169382079,"data/NAIP/FlaggRanch2015/m_4411059_sw_12_h_20150924.tif",899.5,1008,"822","extreme","none",2270.23199542935,8.696977139592,164.998732704825
56,136,11,45.1514309530425,24.6105207041693,54.5066240088034,0.494790909545059,139,25,57.9858293970547,25.3706392858118,43.7531713344785,0.457807568952556,126,30,53.0683523200889,15.5145324952513,29.234999424277,0.605581215973785,173,21,79.1569880522367,36.4993634221922,46.1100963039495,0.424555497213804,0.658119658119658,-0.140350877192982,0.281633457151631,0.124702151811717,44.2781738621975,0.449294762353945,"data/NAIP/FlaggRanch2015/m_4411059_sw_12_h_20150924.tif",899.75,1255,"822","extreme","none",2402.22430664062,14.1075484263355,346.03763270231
57,145,11,46.1437708565072,29.2558455362979,63.4015057574608,0.557576047447969,139,19,61.0597886540601,30.1109868425802,49.3139388561871,0.540953962521352,124,24,47.0870411568409,15.3862622839451,32.6762138922583,0.670811731235866,178,20,92.0631256952169,45.835603529297,49.7871467899535,0.481456251033661,0.79020979020979,-0.129943502824859,0.342123692821945,0.143673788588054,41.9946912775865,0.513845052293772,"data/NAIP/FlaggRanch2015/m_4411059_sw_12_h_20150924.tif",899,406,"911","extreme","none",2186.41617847501,4.06210406437788,167.939226856676
59,184,20,93.1470261256253,35.0795403556698,37.6603975615483,0.432426494595167,183,32,101.725403001668,29.1501471856799,28.655720523616,0.464874767041039,174,38,82.9388549193997,23.5510586290128,28.3956881872794,0.571525373975569,186,20,129.524735964425,39.4609751110347,30.4659761065817,0.492180780129787,0.622377622377622,-0.469879518072289,0.163101400748454,0.185831055786798,113.935904249773,0.573223299590122,"data/NAIP/FlaggRanch2015/m_4411059_sw_12_h_20150924.tif",899.5,630,"822","extreme","none",2068.20936947312,12.983386451047,104.639564392438
68,182,23,101.255910987483,31.5912109328807,31.1993745597589,0.396217191580959,176,34,103.019749652295,23.7374434356582,23.0416434865889,0.436157620898602,162,34,84.4570236439499,21.9190478941929,25.9529011898385,0.506807981225364,183,48,142.353268428373,21.5402158408069,15.1315217968776,0.530493862602874,0.670886075949367,-0.0970149253731343,0.185341005228196,0.151329619498287,81.6492925092139,0.584722814876861,"data/NAIP/FlaggRanch2015/m_4411059_sw_12_h_20150924.tif",898.75,197,"822","extreme","adams_huck",2285.69702192418,20.6179392852249,68.7145300031215
73,172,15,78.0205784204672,42.6773595399357,54.7001322009427,0.458998309361686,174,27,90.6471078976641,37.3035482132309,41.1524968401029,0.472647781712884,151,30,75.2363737486096,29.1864710514605,38.793032674571,0.592689164894645,188,36,132.71468298109,40.3192312356984,30.3803846944677,0.478471080864998,0.732283464566929,-0.114754098360656,0.299623838101233,0.183245941634951,61.1586657444251,0.55076775038075,"data/NAIP/FlaggRanch2015/m_4411059_sw_12_h_20150924.tif",899,550,"822","extreme","none",2364.54998547178,38.062091995185,130.927641328911
81,184,14,100.703281423804,40.4137516401952,40.1315141560444,0.377992005313119,179,23,103.14404894327,32.8137636182566,31.81353064422,0.40687724852852,163,29,85.6899332591769,29.6866681961923,34.6442890863298,0.450519946561917,181,35,140.192714126808,28.6452157680928,20.4327421339332,0.524824882003007,0.635294117647059,-0.09375,0.196446671111443,0.162401865270912,82.6696957256063,0.549689616097527,"data/NAIP/FlaggRanch2015/m_4411059_sw_12_h_20150924.tif",899,624,"911","extreme","adams_huck",2351.65761495915,8.4391082658499,112.974022571216
82,156,13,58.3481646273637,32.7116032030392,56.0627800582066,0.489040547299701,152,25,73.3312013348165,31.3242654753294,42.7161493404542,0.482974907457525,132,32,60.1543381535039,18.083067040226,30.0611187743119,0.620885328623104,187,24,111.834816462736,45.0188521196328,40.2547735522356,0.453753055571339,0.708333333333333,-0.146198830409357,0.334048131340298,0.141371727445562,42.3207658364492,0.524161663446759,"data/NAIP/FlaggRanch2015/m_4411059_sw_12_h_20150924.tif",899,101,"824","extreme","none",2087.14256634918,7.45803377585554,121.203540281431
86,103,11,27.4762301918265,17.1904306495816,62.5647351531338,0.747985180245242,128,24,43.5537948290242,22.6465615964418,51.9967586873742,0.647854794595175,95,28,43.4678899082569,10.9899279057627,25.2828649583818,0.764572698080676,174,18,57.6624965248818,43.271012213635,75.0418639868692,0.579959033634544,0.692307692307692,-0.111111111111111,0.304619351629051,0.138998571817117,45.6302500395252,0.49357617413413,"data/NAIP/FlaggRanch2015/m_4411059_sw_12_h_20150924.tif",899.25,70,"822","extreme","none",2230.42807131447,37.3966140753462,288.767295673596
89,104,11,31.7474972191324,19.1653860992258,60.3681794723521,0.652917133993879,128,24,48.5711902113459,24.9245692376926,51.3155414335932,0.565044978304262,104,30,47.0283648498331,12.7525405228642,27.116699812091,0.69770940420367,181,21,69.8342602892102,47.7901335221761,68.4336503662514,0.4728211616901,0.699115044247788,-0.0638297872340425,0.333151044622467,0.142984021651221,42.9186772664194,0.475590679872777,"data/NAIP/FlaggRanch2015/m_4411059_sw_12_h_20150924.tif",899,797,"822","extreme","none",2222.93755859375,39.0355816362872,284.257821310598
92,145,13,50.866870483602,31.9836594319559,62.8771912403506,0.549504432711994,140,23,64.7373540856031,30.6583530553851,47.3580570111733,0.521530508439523,128,28,53.1631461923291,17.4200364059948,32.76712845958,0.67098169022446,182,22,103.206225680934,49.1801536391139,47.6523129439461,0.451199147899634,0.738317757009346,-0.0540540540540541,0.35146928220048,0.166574613725434,47.3937900582785,0.530611045424909,"data/NAIP/FlaggRanch2015/m_4411059_sw_12_h_20150924.tif",899.5,626,"822","extreme","none",2221.63356021891,12.0753012411889,101.241355774051
95,133,14,46.5605892162312,23.2688789166093,49.9754820725028,0.454584814014338,132,27,63.6659255141745,25.4595813295444,39.9893367196493,0.41892429686987,124,31,57.2951639799889,14.8324957126841,25.8878667628293,0.601008484649467,179,25,96.4052251250695,40.2807605052348,41.7827565393653,0.31896750196713,0.689655172413793,-0.167567567567568,0.348048183793446,0.147773078117327,42.4576495434395,0.44565854856824,"data/NAIP/FlaggRanch2015/m_4411059_sw_12_h_20150924.tif",899.5,1234,"822","extreme","none",2070.43601917827,5.74632100653743,230.451972341485
98,141,11,42.7308868501529,25.5981474974924,59.9054908157162,0.5445452959053,136,21,58.0239088128996,27.4433177790807,47.2965685017408,0.523149632970887,122,23,50.1203780928552,16.5447019460051,33.009930442571,0.635544622746814,174,15,84.0945232137893,44.2850317019654,52.6610176377144,0.45038016079403,0.680672268907563,-0.25,0.318918901582332,0.154051381569717,48.3042493892283,0.487775542710253,"data/NAIP/FlaggRanch2015/m_4411059_sw_12_h_20150924.tif",899.25,59,"911","extreme","none",2275.6984967041,5.18351884591135,141.493174002993
19,142,12,44.5575,22.8882185125805,51.3678247491006,0.558326361169591,142,22,61.2894444444444,25.3180513260348,41.3089913859217,0.52399018627245,133,25,49.1716666666667,16.1959032652858,32.9374706272971,0.66793210406934,194,27,109.568333333333,41.4920165595416,37.8686207020352,0.405810218139912,0.720930232558139,-0.102040816326531,0.429980441308774,0.126409002494117,29.3987796536404,0.576047276285464,"data/NAIP/RangerPeak2015/m_4311002_ne_12_h_20150912.tif",900,358,"826","moderate","none",2493.52492913225,24.2146749460169,98.9510765838067
23,118,11,31.1044444444444,16.8896910582308,54.2999283861103,0.609580381276911,127,19,44.635,20.4830820885856,45.8901805502085,0.571385670583937,137,21,40.4675,15.7875429445376,39.0128941608391,0.633452208631831,176,18,67.0891666666667,39.9728943222102,59.5817421921723,0.432870367506044,0.67479674796748,-0.189189189189189,0.335577638943338,0.167054070942091,49.7810496158529,0.463159560153402,"data/NAIP/RangerPeak2015/m_4311002_ne_12_h_20150912.tif",900,768,"830","moderate","none",2672.154311413,23.5381900986782,290.302406761149
28,147,11,45.5458843159066,24.4056665316921,53.5847901479181,0.550207399652923,137,22,55.7249721913237,24.6036226371216,44.1518796144905,0.547517221258747,120,25,46.6751946607341,17.4320746318515,37.3476206335276,0.65821911172206,173,26,91.6398776418243,39.6309703199006,43.2464243075475,0.422043039597997,0.670212765957447,-0.0825688073394495,0.33928907638569,0.133911911712522,39.4683828725145,0.543897436908626,"data/NAIP/RangerPeak2015/m_4311002_ne_12_h_20150912.tif",899,161,"909","moderate","none",2686.39872757581,13.9839358857334,81.7479820452098
32,188,19,72.6106170094497,45.0058887026155,61.9825179240088,0.521222719300374,187,27,81.8054474708171,41.6797226580668,50.9498131807609,0.512818500084827,182,29,71.4102279043913,37.9538535175855,53.1490440954769,0.60008649811656,178,23,109.228738187882,41.8878944843136,38.3487854746276,0.438909812635685,0.627906976744186,-0.273504273504274,0.232301116914657,0.173165005302983,74.5433373730186,0.581540826789696,"data/NAIP/RangerPeak2015/m_4311002_ne_12_h_20150912.tif",899.5,640,"829","moderate","none",2540.11130674987,19.488635611101,104.813269921218
43,168,16,54.032545201669,24.1724305229678,44.7367978553435,0.55523524663131,160,25,66.401668984701,24.3791922895452,36.7147282023321,0.540726686561356,136,28,55.242280945758,17.71599333791,32.0696268050648,0.650233545710779,179,34,113.238108484006,37.2489339057,32.8943448494297,0.46308900227926,0.706422018348624,-0.129032258064516,0.357670034316487,0.12910485377986,36.096077779225,0.568659621822246,"data/NAIP/RangerPeak2015/m_4311002_ne_12_h_20150912.tif",898.75,1044,"827","moderate","none",2532.13563160328,17.6353416322526,120.031933070501
45,132,10,32.9369269241456,19.1919930324319,58.2689243493525,0.571181559553902,123,19,45.757710475132,21.865122472761,47.7845640564644,0.563725414409703,128,21,40.996110030564,16.7102630749663,40.7606064636577,0.652501479074418,178,16,67.5926646290636,39.8895182336163,59.0145668210046,0.435349845442574,0.716981132075472,-0.117647058823529,0.324184101083215,0.167816180883234,51.7657035994362,0.471213185481705,"data/NAIP/RangerPeak2015/m_4311002_ne_12_h_20150912.tif",899.75,109,"917","moderate","none",2652.0338611221,19.8967863144683,41.9050244226841
91,181,12,70.5848164627364,42.8423156958222,60.6962202961026,0.502082364097865,179,21,77.7769744160178,37.382781595277,48.0640727875604,0.542353512641702,170,22,59.2850389321468,25.2596355709638,42.6070995751121,0.649904171687689,204,26,122.385984427141,46.9870524989119,38.3925109716172,0.446294595609942,0.753846153846154,-0.0340136054421769,0.313327066976823,0.177798731878473,56.7454109834772,0.573748645095349,"data/NAIP/RangerPeak2015/m_4311002_ne_12_h_20150912.tif",899,653,"911","extreme","none",2617.91321472168,16.3886393298197,59.5239228968747
94,146,11,34.1765850945495,21.2839787635429,62.2764934081645,0.585195599981711,143,21,47.5216907675195,22.0074415794629,46.3103084591947,0.566327687834758,139,27,48.7385984427141,16.1241039042116,33.0828222792729,0.623654631094413,173,12,50.1273637374861,34.357774272568,68.5409558988531,0.509540437026897,0.634408602150538,-0.272727272727273,0.158162911299602,0.168111724380953,106.290231382062,0.456483987010635,"data/NAIP/RangerPeak2015/m_4311002_ne_12_h_20150912.tif",899,780,"824","extreme","none",2407.92775421112,30.8798824769802,313.441958146377
100,92,7,25.339916550765,13.4583863875105,53.1114076897155,0.65159110386094,119,19,39.9440890125174,18.0453716327892,45.1765757560131,0.661934425347769,93,24,38.0183588317107,9.68925634183228,25.4857301566384,0.696828980636028,174,17,61.9048678720445,39.6265660511926,64.0120355851489,0.459472750408577,0.694117647058824,-0.0769230769230769,0.379099954065101,0.13925433948644,36.7328821840285,0.467113188229686,"data/NAIP/RangerPeak2015/m_4311002_ne_12_h_20150912.tif",898.75,1216,"911","extreme","none",2412.38101196289,10.7893072767085,321.844480090355
1,109,7,29.3837597330367,16.8738460096304,57.4257554613028,0.608040879574918,116,21,44.9624582869855,21.4084325077561,47.6140169452275,0.582802126956177,115,22,39.5269744160178,11.9804939224694,30.3096659925848,0.694830372906786,182,20,72.5497775305895,42.5664500228099,58.6720614062013,0.389319414575163,0.727272727272727,-0.0921985815602837,0.400652305129201,0.138962786718229,34.6841350815182,0.47270586489244,"data/NAIP/SurveyPeak2015/m_4411058_se_12_h_20150924.tif",899,198,"809","moderate","none",2399.50479476258,9.53231873504552,125.882703286732
3,161,11,52.633129516398,34.4928615942831,65.5345063293961,0.53347655597225,153,23,65.2340188993885,33.4228723301503,51.2353414584175,0.531585466300584,141,23,51.476097832129,22.389030364938,43.4940318086111,0.623868385350371,201,28,104.667871039466,52.8752922121469,50.5172138183737,0.442360782310791,0.738636363636364,-0.0535714285714286,0.34659878913338,0.154149383130655,44.4748764172209,0.52378519135298,"data/NAIP/SurveyPeak2015/m_4411058_se_12_h_20150924.tif",899.5,564,"902","moderate","none",2606.59252717094,3.60731488626059,62.3123488748336
9,166,13,51.1946607341491,29.3235926199499,57.2786149950785,0.484411721490302,159,24,64.1262513904338,27.7819378885363,43.3238140171105,0.469443613789166,139,29,57.7983870967742,19.9662081053052,34.5445766018955,0.582292372336122,186,22,104.192992213571,42.2039490318316,40.5055542942117,0.356059126092992,0.684782608695652,-0.0209205020920502,0.356116698272595,0.150173526579732,42.1697514629822,0.495581420342748,"data/NAIP/SurveyPeak2015/m_4411058_se_12_h_20150924.tif",899,929,"821","moderate","none",2223.49304241973,7.48209520694996,155.033826692966
10,157,10,34.5011123470523,19.5962656851775,56.7989387937857,0.572115237651679,154,21,49.5820355951057,23.1674607519055,46.7255135329547,0.532070702549154,120,25,42.8189655172414,12.2846076280962,28.6896413299609,0.660302991707615,182,19,79.8951612903226,43.6076816158894,54.581129710006,0.354444269572745,0.714285714285714,-0.029585798816568,0.382092260226678,0.125877746964925,32.9443331017087,0.475015477236427,"data/NAIP/SurveyPeak2015/m_4411058_se_12_h_20150924.tif",899,241,"821","moderate","none",2351.98667013687,8.3451396299017,70.4897539468612
11,142,8,37.3847650820128,21.5688454947201,57.6942116592241,0.557744987635778,140,22,51.8482068390325,22.6871840609564,43.7569309414901,0.52548228376827,129,23,45.8571031415068,16.0242147740644,34.9438007992274,0.618009683157848,174,19,82.0094523213789,40.6462932683593,49.562937097878,0.38284181477569,0.716535433070866,-0.06,0.365818366602597,0.150224716731409,41.0653839298899,0.461861959083066,"data/NAIP/SurveyPeak2015/m_4411058_se_12_h_20150924.tif",899.25,1113,"815","moderate","none",2458.49419892943,13.8502475406425,275.41146560115
13,155,12,49.7051958877466,29.4773643989037,59.3043923727307,0.504290087994897,151,22,61.962489580439,28.5973656262196,46.1527059675271,0.508883829704131,139,26,54.1814392886913,19.6048549884314,36.1837102258804,0.612409908628953,184,26,95.3328702417338,42.9272663992746,45.0288198503042,0.417203034141579,0.735537190082645,-0.0150753768844221,0.329345972051467,0.13040838626493,39.5961685678521,0.515992591655122,"data/NAIP/SurveyPeak2015/m_4411058_se_12_h_20150924.tif",899.75,1096,"829","moderate","none",2341.5198097897,15.913326741871,223.412828383739
15,126,10,38.8413007226237,18.9355929751691,48.7511814045398,0.555050070009786,116,21,58.2759866592551,23.4658195829206,40.2667049124837,0.502001345916644,92,26,50.8526959421901,12.7876079076294,25.1463716341932,0.662226116231017,171,19,100.785158421345,43.0484624768171,42.7130969987144,0.384792376033969,0.74,-0.0256410256410256,0.436322508745721,0.115756100245553,26.5299401074477,0.529044919900912,"data/NAIP/SurveyPeak2015/m_4411058_se_12_h_20150924.tif",899.5,1110,"821","moderate","none",2218.49224962845,8.04434736090952,252.466439358993
16,164,11,41.9924895688456,25.4475619202425,60.6002696708939,0.492360416586463,160,22,57.8912378303199,25.8064500506331,44.577471510062,0.468430314758837,150,26,49.1474269819193,16.5130246876484,33.5989607222436,0.633338319695161,182,22,96.4369958275383,42.5115666592107,44.0822179231254,0.325208806739302,0.714285714285714,-0.0206896551724138,0.400774359459706,0.137820903513875,34.3886529317082,0.487831274852526,"data/NAIP/SurveyPeak2015/m_4411058_se_12_h_20150924.tif",898.75,1301,"815","moderate","none",2329.11948720654,16.1918902021795,128.717942689804
20,169,19,94.0370061213133,37.0184512488777,39.3658334901918,0.491071836999024,163,28,96.825264329438,30.7349091628161,31.7426545392572,0.540850609821709,151,33,83.2871452420701,24.4490283322883,29.3551042735687,0.616053800920629,191,30,132.256260434057,38.620373570188,29.2011685824462,0.533166403043381,0.67741935483871,-0.0560747663551402,0.187179414442181,0.130293445043853,69.6088538540119,0.621781291242039,"data/NAIP/SurveyPeak2015/m_4411058_se_12_h_20150924.tif",898.5,282,"830","moderate","none",2218.28713713158,9.39878160890224,163.744330364269
21,150,12,45.1581873783709,29.0649659305565,64.3625610723198,0.56746494157968,148,22,55.7953850430915,26.6931196604238,47.8410887205248,0.56611846229617,133,28,54.8407005838199,20.2585191395939,36.9406643677541,0.647834126593053,177,19,72.1253822629969,40.8319981444607,56.6125223372425,0.457384490157125,0.673076923076923,-0.16,0.223408670196208,0.167612144602068,75.024905906679,0.50832271343744,"data/NAIP/SurveyPeak2015/m_4411058_se_12_h_20150924.tif",899.25,444,"821","moderate","none",2243.24377777941,31.8799077076079,259.384240702855
22,174,13,46.1039755351682,34.069422651849,73.8969302676747,0.588266918765096,166,25,59.4859605226578,31.8482067090158,53.5390307716138,0.564045009678918,154,28,53.1267723102586,21.8837317982013,41.1915327180071,0.683547459198132,191,24,90.1795941061996,48.887193884126,54.2109269493431,0.445366966061274,0.727272727272727,-0.0731707317073171,0.335712158179134,0.158213513801401,47.1277283073493,0.532029369698149,"data/NAIP/SurveyPeak2015/m_4411058_se_12_h_20150924.tif",899.25,669,"821","moderate","none",2279.86235900879,17.886179964711,135.904369171864
25,127,10,36.6333055323881,18.1183795012154,49.4587622872214,0.579570874324391,125,23,52.2388101195441,20.1374024724907,38.5487388139354,0.554001072219931,124,25,48.9877675840979,15.8575894408219,32.3705084409061,0.665165778191453,169,20,76.2593828190158,35.8188767875852,46.9697963234152,0.438468397733662,0.7,-0.103825136612022,0.339654257724559,0.165251536603961,48.652867686991,0.486384317391514,"data/NAIP/SurveyPeak2015/m_4411058_se_12_h_20150924.tif",899.25,722,"826","moderate","none",2324.79669325033,17.769102975432,60.0774651957438
30,139,15,75.5244580322401,34.0043716125812,45.0243172854882,0.54080276151343,135,27,83.8393551973319,29.4719684996787,35.1529045402494,0.564734144680163,126,31,75.4005002779322,24.045711490032,31.8906524511079,0.628650189911251,176,25,110.488882712618,37.7062562617352,34.1267422893662,0.50569826450881,0.703125,-0.0921985815602837,0.205013526663254,0.153043710312006,74.6505427241336,0.615630957352812,"data/NAIP/SurveyPeak2015/m_4411058_se_12_h_20150924.tif",899.5,495,"821","moderate","none",2234.93560382404,24.2519419590873,227.401317294659
34,159,13,47.0336297943302,26.9365698714602,57.2708719043142,0.548275666145797,153,23,63.9672040022235,28.8145843226873,45.0458711962551,0.512649126702518,124,24,49.9891606448027,16.334430389293,32.6759445019634,0.686641595864865,197,34,113.816842690384,47.192547990742,41.4635891096716,0.401188275453292,0.682119205298013,0.025,0.42427659500559,0.122653339086414,28.9088157419567,0.570438778467935,"data/NAIP/SurveyPeak2015/m_4411058_se_12_h_20150924.tif",899.5,15,"917","moderate","none",2380.5398574293,17.9917656015679,135.677783680449
46,116,10,33.3058103975535,15.8643408467325,47.6323520051558,0.56088305445085,133,21,49.1554072838477,18.5773053932826,37.7930047166694,0.515693478653933,105,24,43.12454823464,13.1014290162048,30.3804435119415,0.628240773909715,177,20,82.8871281623575,38.9548745453466,46.9974957619989,0.35223089431071,0.719298245614035,-0.100591715976331,0.40882129064091,0.151044599321148,36.946363308123,0.476993600549933,"data/NAIP/SurveyPeak2015/m_4411058_se_12_h_20150924.tif",899.25,1206,"815","moderate","none",2523.33832750822,6.41788252820397,305.711147199198
49,173,11,51.7617458993606,32.5326430412113,62.8507452288489,0.488473982564972,163,22,66.6944676118988,32.1599399998951,48.2198016588673,0.484286447657999,143,23,50.4664998609953,19.5510314060794,38.7406130005662,0.622051606875885,199,28,109.193772588268,47.8468657709224,43.8183099977105,0.356786999845618,0.743119266055046,-0.00289855072463768,0.379421163204459,0.146888800884183,38.7139187607807,0.480551106954672,"data/NAIP/SurveyPeak2015/m_4411058_se_12_h_20150924.tif",899.25,8,"917","moderate","none",2531.87391540527,11.3722452636984,129.489920629316
69,174,23,124.227538247566,32.4053515580851,26.0854815407404,0.538330240640231,170,29,118.655076495132,26.2339242178964,22.109398934122,0.572984238157105,162,29,97.5337969401947,23.075151494451,23.6586211327343,0.566397533754469,199,30,149.76050069541,24.2752188948427,16.2093601330933,0.663504235718834,0.628571428571429,-0.0758620689655172,0.10771466527712,0.122581047443521,113.801632422246,0.725163925328649,"data/NAIP/SurveyPeak2015/m_4411058_se_12_h_20150924.tif",898.75,539,"822","extreme","none",2530.34484022765,19.56262365296,178.949515447024
72,97,10,28.5273839310537,16.6333435634169,58.3065857129317,0.651913752368635,120,21,42.1670836808451,20.2690508493254,48.0684199143059,0.644335740407633,84,23,37.7536836252433,10.4916907067173,27.7898464448175,0.713726648470649,180,17,63.3185988323603,41.020684728156,64.7845743345659,0.473372151537092,0.674418604651163,0,0.347552403293213,0.128214598298885,36.8907241279286,0.491558085590214,"data/NAIP/SurveyPeak2015/m_4411058_se_12_h_20150924.tif",899.25,1106,"911","extreme","none",2408.05957204746,25.2267591573607,207.603078528023
76,139,10,50.4938820912125,34.6591303586808,68.6402568455171,0.636658993077726,132,22,58.773915461624,30.5649230048914,52.0042314091674,0.659725059218939,106,25,51.6187430478309,19.2975983193581,37.3848667749941,0.748552086519438,183,20,83.34510567297,50.1213901238216,60.1371726859262,0.555365862938587,0.695906432748538,-0.0561797752808989,0.253272819227112,0.128220865259268,50.6255924542346,0.593190579677381,"data/NAIP/SurveyPeak2015/m_4411058_se_12_h_20150924.tif",899,421,"911","extreme","none",2297.85723162413,14.7772190924474,247.081449356826
85,110,10,28.1150959132611,14.0061399047389,49.8171514262296,0.658435088164931,122,21,42.4456491520712,17.4392208836971,41.086003470502,0.631288189307263,118,26,43.1353906032805,11.7934469367385,27.3405358611534,0.719606995642787,167,14,57.5093133166528,33.8405315179296,58.8435673568207,0.460508281211881,0.688888888888889,-0.103448275862069,0.312038339932338,0.141180317316278,45.244541855623,0.490952415992591,"data/NAIP/SurveyPeak2015/m_4411058_se_12_h_20150924.tif",899.25,1253,"911","extreme","none",2279.52013770479,23.0648284274262,19.074604608787
