"sample_id","Rmax","Rmin","Rmean","Rsd","Rcv","Rhom","Gmax","Gmin","Gmean","Gsd","Gcv","Ghom","Bmax","Bmin","Bmean","Bsd","Bcv","Bhom","NIRmax","NIRmin","NIRmean","NIRsd","NIRcv","NIRhom","NDVImax","NDVImin","NDVImean","NDVIsd","NDVIcv","NDVIhom","file_name","area","rdnbr","age","elev_m","slope_deg","aspect_deg"
30,181,11,34.1978877153974,15.9356251524134,46.5982732180224,0.679020220910052,172,25,44.6053362979433,14.7071078300147,32.9716331063574,0.689738602345305,165,25,49.5636464702613,13.0335522723813,26.2965968014511,0.703227505543561,141,9,29.9510839355197,16.8965633614003,56.4138626761424,0.698258298886642,0.478260869565217,-0.555555555555556,-0.0808039302281798,0.173284353957946,-214.450402930418,0.413885723593295,"data/NAIP/ColterBay2015/m_4311003_nw_12_h_20150912.tif",899.5,14,"young",2650.02914306543,27.4259164180436,22.8764380137945
46,133,10,33.7319988879622,22.0781908035246,65.4517714080786,0.606379859939407,128,21,48.6433138726717,24.8811936280534,51.1502848946151,0.580873292614484,95,27,44.4161801501251,12.6391034102648,28.4560792205568,0.720827511926941,169,11,66.705031971087,46.6243002342802,69.8962265013069,0.483143379031174,0.718518518518519,-0.266666666666667,0.282649475133079,0.170550190507188,60.3398221160285,0.493508879727904,"data/NAIP/ColterBay2015/m_4311003_nw_12_h_20150912.tif",899.25,1215,"old",2351.19168000416,28.4929774045297,44.8205921051756
59,132,9,32.698275862069,20.2559672302078,61.948120187295,0.589347552130888,126,18,46.9908231368187,23.2501705448664,49.478108687671,0.61271256941942,115,23,43.5211345939933,13.9004947207951,31.9396423151009,0.66378347982171,162,13,67.0862068965517,43.4891935032265,64.8258345717588,0.508460599446363,0.679245283018868,-0.265822784810127,0.309178338466532,0.149927932571497,48.4923792899308,0.496703339190811,"data/NAIP/ColterBay2015/m_4311003_nw_12_h_20150912.tif",899,426,"old",2440.13773338006,27.4478741100986,28.6456456891062
2,168,21,76.1401557285873,33.6012590064506,44.1307988996335,0.443622160666814,170,31,88.9427141268076,28.0219375570898,31.5056020408129,0.415766648387284,150,38,72.9143492769744,22.5567287918844,30.9359255284578,0.598324341203142,177,31,136.395717463849,27.4967080798628,20.1595098373603,0.432378714441154,0.622047244094488,-0.0434782608695652,0.307118549682946,0.160102712790252,52.1305902738648,0.600346676565721,"data/NAIP/FlaggRanch2015/m_4411059_ne_12_h_20150924.tif",899,370,"young",2142.86537231445,2.90981245553171,255.851961525444
3,144,19,54.9713570634038,17.9435527356812,32.6416404728469,0.4769783733015,141,30,72.785873192436,19.5257764256159,26.8263271005795,0.421910285594708,119,36,58.1040044493882,9.44559271778349,16.2563541141319,0.707026627349705,176,48,129.413515016685,28.1542547281276,21.7552662289543,0.350618771475213,0.65034965034965,0.0311111111111111,0.409022469739491,0.099148318387656,24.2403109175895,0.571891814389741,"data/NAIP/FlaggRanch2015/m_4411059_ne_12_h_20150924.tif",899,513,"young",2122.75448778857,4.63903193863765,157.900906065171
7,137,16,53.6087319243604,21.5881830719913,40.269900624494,0.473102321206766,136,30,70.5917686318131,22.6657070123037,32.1081444077732,0.416832621965422,119,35,58.3640155728587,12.1463319854028,20.8113370305028,0.669136134698764,177,42,121.806729699666,33.7027201501471,27.6690132254978,0.327815167125302,0.661764705882353,-0.0263157894736842,0.394768066815907,0.114080302959066,28.8980575048045,0.559109967891697,"data/NAIP/FlaggRanch2015/m_4411059_ne_12_h_20150924.tif",899,653,"young",2102.05837184396,9.52850747165793,283.132300203228
9,99,14,46.4109474854126,16.1095575872109,34.7106845691401,0.46114588599602,121,27,65.2811892192276,20.2650134883135,31.0426536812304,0.385281817758258,86,37,54.3667685468186,8.18453553222913,15.0542983351694,0.680533619410223,170,30,113.220061128091,34.0880628488924,30.1077940686916,0.317536611297797,0.656804733727811,0.031055900621118,0.416238112273108,0.0916930086042161,22.0289795433372,0.548854722319833,"data/NAIP/FlaggRanch2015/m_4411059_ne_12_h_20150924.tif",899.75,81,"young",2154.35423642113,5.93245541837417,303.799653870337
10,125,14,50.0642023346304,18.2012669554214,36.3558513002237,0.453562967590797,126,26,67.6750972762646,20.9982404489162,31.0280166472414,0.390565923275752,96,31,54.061978877154,9.24294738555221,17.0969460932148,0.669495785064118,177,38,121.114785992218,32.8433811039955,27.1175652377455,0.308734990551421,0.674698795180723,0.07,0.420250884069773,0.0972722802853967,23.146240489347,0.527658973806016,"data/NAIP/FlaggRanch2015/m_4411059_ne_12_h_20150924.tif",899.5,572,"young",2230.47078450521,11.2033889106489,302.837725460382
18,136,17,54.6883333333333,23.0517876802264,42.1511980255869,0.496700856107612,132,28,70.7411111111111,23.7534029123868,33.577933028332,0.449436906235281,118,37,59.8683333333333,12.3311670133482,20.597144311152,0.666674762960032,172,35,116.41,34.9831017040324,30.0516293308414,0.382952700462154,0.652694610778443,0.00613496932515337,0.368206637634892,0.119059512496515,32.3349718139989,0.549997739821881,"data/NAIP/FlaggRanch2015/m_4411059_ne_12_h_20150924.tif",900,498,"young",2107.34497924805,5.38330486703855,13.2532074214349
19,174,18,71.482212340189,33.4518785642908,46.7974863523962,0.424029398211975,159,31,80.3451917732073,29.5477696276516,36.7760272588022,0.421313259200469,140,35,70.9091161756531,21.0344996475083,29.6640273944503,0.561098406917479,178,30,105.212618121178,38.5729394283153,36.6618948536087,0.391368158563986,0.647058823529412,-0.175141242937853,0.204812746158818,0.170107993406128,83.0553745293865,0.543104922783758,"data/NAIP/FlaggRanch2015/m_4411059_ne_12_h_20150924.tif",899.5,140,"young",2215.55455594945,19.8731655639016,299.484948595988
21,127,19,52.2846816791771,20.2064462200384,38.6469718684083,0.448582996020095,125,28,68.7675840978593,21.1518011780854,30.7583892259258,0.379031530352244,102,37,58.3897692521546,11.1690860244666,19.1284983097522,0.623529697366655,179,39,114.306088407006,32.0628987502558,28.0500358266924,0.291757309706612,0.670588235294118,-0.0394736842105263,0.378510749999568,0.120366730753141,31.8000824952206,0.503295294271953,"data/NAIP/FlaggRanch2015/m_4411059_ne_12_h_20150924.tif",899.25,483,"young",2238.34201550694,15.9030915294216,293.386066207324
1,156,20,63.2819015846539,21.3555769092295,33.7467370203179,0.413497058044465,155,34,80.4620517097581,18.8414441984236,23.4165594812176,0.363580510070157,135,39,64.1162079510703,13.6688898524639,21.3189305626047,0.652142035017247,170,57,126.725326661106,20.1727703255844,15.9184993695311,0.367745131945015,0.615894039735099,-0.168421052631579,0.346193191219159,0.123758113036626,35.74828049067,0.546969600120551,"data/NAIP/FlaggRanch2015/m_4411059_nw_12_h_20150924.tif",899.25,949,"young",2275.6540206955,14.3719368358895,33.3554871535349
5,127,18,52.4573255490687,17.7279583136643,33.7950098067457,0.435131782053838,128,29,72.0450375312761,21.1437601663247,29.3479757813241,0.348930051191814,104,35,56.078676675007,9.42927444137753,16.8143668867635,0.640020915361983,179,48,129.448985265499,28.6708716117175,22.1483942519238,0.313567545456954,0.706293706293706,0.0693069306930693,0.430087130191076,0.101974719027724,23.7102465685079,0.500833519943512,"data/NAIP/FlaggRanch2015/m_4411059_nw_12_h_20150924.tif",899.25,1035,"young",2243.8588290914,11.8199636775592,33.8857779527657
12,137,16,51.7750278086763,17.3019249131879,33.4175096479397,0.447020254893985,139,27,71.599276974416,20.5346449549784,28.6799613385982,0.356579406613942,118,35,56.3167408231368,9.50107573446009,16.8707840609923,0.648244607994178,185,47,130.39126807564,27.0900547616059,20.7759730857829,0.341998691168484,0.682352941176471,-0.00892857142857143,0.439100825323116,0.103208666503963,23.5045485118402,0.527159613376121,"data/NAIP/FlaggRanch2015/m_4411059_nw_12_h_20150924.tif",899,912,"young",2234.07190313907,9.11301971556152,219.405557401781
17,93,12,36.9363535297387,11.3002152087373,30.5937487836722,0.504505933819716,117,25,57.754585881045,16.000732358595,27.7046958514274,0.383361158174889,85,35,50.1739855475264,6.10835086168465,12.1743385442215,0.735337098515406,163,28,96.0864369093941,27.344231766061,28.4579516585109,0.304232296427337,0.694656488549618,-0.0458715596330275,0.440931938883863,0.085618103460718,19.4175327097974,0.518993729634358,"data/NAIP/FlaggRanch2015/m_4411059_nw_12_h_20150924.tif",899.5,1023,"young",2163.3813606279,23.9358080683805,310.932748865999
29,181,18,120.402947719689,41.2888435690513,34.2922198758591,0.498733452612343,178,33,125.002780867631,35.5527932084259,28.4416018281016,0.537003338943006,165,38,114.175194660734,32.6184228573032,28.5687473134837,0.636342545952885,174,27,123.949666295884,30.4461762689804,24.5633386348143,0.556926810882698,0.570621468926554,-0.194174757281553,0.0355566883481332,0.148821063832191,418.545907242804,0.69926834830883,"data/NAIP/FlaggRanch2015/m_4411059_nw_12_h_20150924.tif",899,395,"young",2125.71897796558,35.0318394108015,121.394607544395
32,166,14,52.2448582545859,28.5447391839301,54.6364563663537,0.481315613241427,162,24,69.0653140633685,28.5261910936932,41.3032091152441,0.443979608739743,139,31,58.508615897721,17.800778978772,30.4242011294363,0.604773084118506,189,26,113.344635908838,41.0735104932667,36.2377188509403,0.384318393188485,0.777777777777778,-0.0303030303030303,0.385354390244156,0.147853050353853,38.3680721167274,0.474757686570703,"data/NAIP/FlaggRanch2015/m_4411059_nw_12_h_20150924.tif",899.5,979,"old",2101.53165344238,18.8753683941073,106.772147634319
33,117,13,46.8488048916064,23.3615962306396,49.8659384901943,0.482242205839191,130,26,61.7184546970539,25.2541146566554,40.918254970277,0.454088282244068,106,30,53.1495275152863,13.5637125888481,25.5199118843475,0.634699844591739,173,24,88.1359088382435,37.3708378549968,42.4013757248294,0.377291708432802,0.698412698412698,-0.0630630630630631,0.312259005374602,0.120981969760161,38.7441091138508,0.476476232181916,"data/NAIP/FlaggRanch2015/m_4411059_nw_12_h_20150924.tif",899.5,1130,"old",2172.29753155552,10.806627980015,315.217540237381
35,146,15,79.8541261461517,29.2367823654881,36.6127384726219,0.520978593174381,138,24,85.4517921644901,23.773571643961,27.8210334058274,0.539276213272086,116,32,69.7727146429564,15.6792658499221,22.4719160350241,0.666772942778561,162,28,112.383717699361,29.7055827578998,26.4322834001323,0.563155595607298,0.619834710743802,-0.0481927710843374,0.187449379531237,0.12842688305996,68.5128344415557,0.64023166723387,"data/NAIP/FlaggRanch2015/m_4411059_nw_12_h_20150924.tif",899.75,325,"old",2114.13997821793,3.94540416776857,82.7620640286265
36,152,14,49.8354184042257,25.1208235378772,50.4075702427474,0.429485590436638,152,25,65.4690019460662,25.3110889104861,38.6611803420153,0.396082056625043,133,34,60.4067278287462,16.8622301181333,27.9144901970819,0.57118366844288,188,28,102.350569919377,36.0153800546593,35.1882555055913,0.326322982611162,0.725190839694656,-0.123809523809524,0.355825861525907,0.157271293426164,44.1989496636723,0.439009693529792,"data/NAIP/FlaggRanch2015/m_4411059_nw_12_h_20150924.tif",899.25,927,"old",2094.55281958352,3.60024431773052,297.038295899754
42,144,16,55.7558398220245,25.1031010466754,45.0232677452366,0.433975050769103,151,28,70.4677419354839,24.8981192941379,35.3326481171103,0.42397688504193,146,36,63.4610678531702,16.1749952933459,25.4880603817918,0.592799560466954,176,33,105.006117908788,33.9600758209582,32.3410449765006,0.377411137032418,0.706666666666667,-0.104761904761905,0.317088886352448,0.141230991826824,44.5398744344022,0.463505016492992,"data/NAIP/FlaggRanch2015/m_4411059_nw_12_h_20150924.tif",899,1075,"old",2087.88304063341,7.68104546091598,89.3559440460476
48,167,18,84.4473172087851,40.5829711715788,48.0571467667145,0.411400184490854,162,31,90.9260494856825,34.0999166927828,37.5029124059242,0.446170571266924,139,34,73.0597720322491,21.4196908476828,29.318036796266,0.572975821843224,179,33,122.142896858493,40.2942960955396,32.9894714567168,0.489548420693686,0.658119658119658,-0.145374449339207,0.211104066095827,0.133056315773786,63.0287792341182,0.555937176109884,"data/NAIP/FlaggRanch2015/m_4411059_nw_12_h_20150924.tif",899.25,163,"old",2068.24266479492,1.50928888329857,139.877084205904
53,152,13,56.8579766536965,27.6308544244912,48.5962674908074,0.427145109079305,150,26,71.0694830461367,27.1052511987279,38.1390859155846,0.423295848586006,142,34,63.3621456364647,17.4362106338081,27.5183399467673,0.600413942624744,175,25,100.932462479155,36.5556635602832,36.21794481417,0.379069224593561,0.666666666666667,-0.0738255033557047,0.294984711466502,0.130714470547635,44.3122865242048,0.484434611428275,"data/NAIP/FlaggRanch2015/m_4411059_nw_12_h_20150924.tif",899.5,1310,"old",2169.03266151894,4.47703995046933,48.8780657338517
60,91,8,27.5921601334445,15.3066241096452,55.4745407232252,0.632356780530155,110,17,44.5729774812344,21.2548109676129,47.6854187642309,0.59175640887409,85,24,40.1832082290798,10.570362077195,26.3054209532863,0.709183484837552,165,14,70.5482346399778,43.1379454342407,61.1467397510123,0.451629519829577,0.725190839694656,-0.116279069767442,0.400479721482136,0.135170248027277,33.7520830086041,0.51568151760914,"data/NAIP/FlaggRanch2015/m_4411059_nw_12_h_20150924.tif",899.25,1132,"old",2332.97584041458,4.84960727094669,325.495007334375
14,142,15,58.2730052821796,25.8902122280568,44.4291693944507,0.439953108284344,134,29,74.7953850430915,24.324519707647,32.5214178570416,0.371836255889602,114,33,57.9121490130664,14.7992145633823,25.5545940110827,0.643997855646888,181,43,129.356408117876,30.0380139430738,23.2211255554511,0.340265090978936,0.661764705882353,-0.00854700854700855,0.396308995173539,0.13708029927865,34.5892475184985,0.548591641508322,"data/NAIP/FlaggRanch2015/m_4411059_se_12_h_20150912.tif",899.25,680,"young",2258.71544199592,11.5933637526563,266.520520306582
16,164,19,63.8449569324812,25.4132355665105,39.8046091461634,0.45150592308419,154,28,78.532647957766,24.6711439886785,31.4151434215568,0.436563124537812,126,35,60.3250903028619,12.484116026326,20.6947324299881,0.664186587406402,186,38,133.521255904418,32.8898143794936,24.6326430624933,0.401331746959201,0.662650602409639,0.00303951367781155,0.364336042291297,0.119931582216497,32.9178473428683,0.569268431021229,"data/NAIP/FlaggRanch2015/m_4411059_se_12_h_20150912.tif",899.75,395,"young",2316.07471309139,7.1351834782854,111.529525339513
23,172,21,76.7813888888889,26.6215642579214,34.6718972438044,0.50106271055103,164,32,91.3063888888889,23.6193830966187,25.8682698812689,0.519268890099766,146,36,69.5136111111111,16.3821185278934,23.5667781691101,0.653981607622879,187,55,148.453888888889,24.8444583171682,16.7354715347088,0.556282721649743,0.660606060606061,-0.0666666666666667,0.334341514492216,0.121495543151729,36.3387548017335,0.612364854245315,"data/NAIP/FlaggRanch2015/m_4411059_se_12_h_20150912.tif",900,789,"young",2372.18423794889,15.3732533284039,198.514396233502
24,178,18,58.1312204614957,22.6479320815417,38.9600147764711,0.448936250601515,163,30,76.1278843480678,23.5112874532326,30.8839364899931,0.392897867893969,135,34,58.9146510981373,12.3137830961859,20.9010540954815,0.67011927266689,183,47,129.261328885182,30.1562779314443,23.3296982102288,0.367826913550096,0.635036496350365,-0.0588235294117647,0.389400770038716,0.115772307242286,29.7308881106668,0.568112688325309,"data/NAIP/FlaggRanch2015/m_4411059_se_12_h_20150912.tif",899.25,766,"young",2311.77968275106,8.20795220015031,264.629901915726
27,166,19,82.9521956642579,32.3114955286993,38.951947287179,0.427192299055859,163,32,90.5519733185103,27.5215172522895,30.3930618446982,0.423615813947629,158,39,79.1072818232351,21.9756391346972,27.779540174066,0.538392372359279,181,37,121.789049471929,30.5319936772292,25.0695721902867,0.407267141855894,0.627118644067797,-0.0892018779342723,0.208974792891947,0.148930067505067,71.2670008875537,0.561746759732861,"data/NAIP/FlaggRanch2015/m_4411059_se_12_h_20150912.tif",899.5,510,"young",2247.37437130918,13.488010970212,269.469470228748
45,106,11,36.8117876007784,18.8068277146632,51.0891454623776,0.565288698763594,119,23,50.3842090631081,21.1049408195146,41.8880066035766,0.527303444296739,107,29,48.3124826244092,11.5548550189015,23.9169142035841,0.655435177662625,174,19,69.8690575479566,37.5069119551566,53.6817201654862,0.445465667088141,0.675,-0.171270718232044,0.290271472407016,0.137974121878586,47.5327874056874,0.483290834911793,"data/NAIP/FlaggRanch2015/m_4411059_se_12_h_20150912.tif",899.25,532,"old",2236.52844070928,2.2884773968639,321.275868853654
54,117,16,51.8356507230256,20.3370888300149,39.2337870680596,0.449068109529428,129,28,67.7074527252503,22.0981515175253,32.6376944162961,0.418967199652711,119,34,59.62680756396,12.1263535097697,20.3370832771184,0.594394153945706,170,26,98.9771968854283,33.5927178103712,33.9398557116714,0.350182926794982,0.67032967032967,-0.0178571428571429,0.314428508148877,0.110196860669102,35.0467142174416,0.514897721953946,"data/NAIP/FlaggRanch2015/m_4411059_se_12_h_20150912.tif",899,1248,"old",2239.30330739201,8.10407463021003,258.825030183113
57,163,15,56.6998332406893,32.1602440210927,56.7201739105182,0.456239409238604,157,26,70.4007782101167,29.1057817729803,41.3429830081022,0.458107721820741,138,35,63.1964980544747,18.7476702352084,29.6656789733003,0.613421194346957,184,30,110.654808226793,39.7492952111769,35.9218870360415,0.37292029681011,0.690322580645161,-0.0404624277456647,0.346708333636688,0.149838621484536,43.2174848273332,0.515209092874351,"data/NAIP/FlaggRanch2015/m_4411059_se_12_h_20150912.tif",899.5,655,"old",2220.15362642879,2.08842499345035,175.899268385574
58,160,11,32.5785376702808,18.9293595133951,58.1037728119486,0.611028084941602,163,23,49.2743953294412,21.6823191132157,44.0032170222506,0.546637941857892,142,33,50.0995273839311,12.2517435275603,24.4548085926453,0.687520250950319,174,20,73.2096191270503,40.6611514844136,55.540722611668,0.434364192472592,0.649484536082474,-0.0604026845637584,0.36381626330747,0.132543208038558,36.4313587396017,0.501920752048333,"data/NAIP/FlaggRanch2015/m_4411059_se_12_h_20150912.tif",899.25,932,"old",2245.88706273866,2.87547075512251,105.98144742653
4,147,14,53.7575757575758,30.136298674392,56.0596311304924,0.49036989283946,150,26,68.5532388101195,26.2763563048317,38.3298539367522,0.460269026626053,130,27,51.8957464553795,15.6002615501801,30.0607710953602,0.667458140477999,177,26,115.799555184876,38.6244304733483,33.3545585833068,0.419863835578539,0.682926829268293,-0.116883116883117,0.384233528888575,0.15032439517273,39.1231852169578,0.554149557641827,"data/NAIP/FlaggRanch2015/m_4411059_sw_12_h_20150924.tif",899.25,338,"young",2310.13442003603,6.5209810902185,30.2370109591942
6,171,22,93.007786429366,37.3323523108654,40.1389536769776,0.377312334611962,164,30,97.507786429366,30.3779657262203,31.1543999085918,0.403544319671843,150,33,78.6935483870968,25.9638578920871,32.9936296230662,0.467432752714618,188,43,138.399332591769,30.314304212504,21.9035046230468,0.494985437164282,0.635036496350365,-0.0916666666666667,0.2227116668593,0.159174484107194,71.4711026826242,0.536560824472741,"data/NAIP/FlaggRanch2015/m_4411059_sw_12_h_20150924.tif",899,787,"young",2390.1698837662,4.9704746978698,123.969237067384
8,165,16,54.3480678343064,25.3375335415846,46.6208543399048,0.439360024678214,165,27,71.9043647484014,26.7568725459627,37.2117501344834,0.373721316388858,155,34,57.9238254100639,15.2881584469553,26.3935579853796,0.594140230839962,185,40,122.892132332499,35.2416579773497,28.6769033203844,0.318061926079545,0.715976331360947,-0.0219435736677116,0.400852799984003,0.138783159163728,34.6219757400388,0.494377935375572,"data/NAIP/FlaggRanch2015/m_4411059_sw_12_h_20150924.tif",899.25,732,"young",2261.61879943848,8.13431393311566,48.7206794755949
11,153,19,71.7657031684269,33.468442423364,46.6357061183069,0.443185837376568,144,28,83.1158977209561,27.3105100980465,32.8583470153156,0.439302053896675,124,33,65.5692051139522,19.8896613555129,30.3338454705174,0.61929570884689,187,44,131.439410783769,32.0504462825212,24.3841980813863,0.443449520981935,0.691176470588235,-0.0204081632653061,0.3203592425918,0.16941952208093,52.8842310620651,0.554598763004661,"data/NAIP/FlaggRanch2015/m_4411059_sw_12_h_20150924.tif",899.5,1000,"young",2250.09399414062,10.4309743568032,72.1904510204373
13,163,18,58.2306196165602,23.0203198643887,39.5330154753188,0.418284530129309,161,33,79.2445123645457,22.5218245651899,28.4206740544803,0.339260000586658,153,36,61.49041400389,17.1193812007564,27.8407317271818,0.6326629087025,177,45,131.823562100584,22.6499632303021,17.182029425832,0.347485884982532,0.659574468085106,-0.0973451327433628,0.403039212470805,0.136618470812272,33.8970667332198,0.515858535705134,"data/NAIP/FlaggRanch2015/m_4411059_sw_12_h_20150924.tif",899.75,680,"young",2327.70191416805,7.88865484579606,31.4383568971034
15,156,14,68.1028349082824,32.1757404555458,47.2458165638457,0.427451354648987,164,23,78.6792662590328,28.3398782605516,36.019499936933,0.445191689898933,146,28,61.2818232351306,20.4307262812706,33.3389661121544,0.556024784417259,183,40,125.931072818232,34.3367714608713,27.2663217206389,0.410141751002613,0.683168316831683,-0.0580645161290323,0.325708654772534,0.149686768297124,45.9572584589933,0.516035457460967,"data/NAIP/FlaggRanch2015/m_4411059_sw_12_h_20150924.tif",899.5,241,"young",2364.20861968614,10.5539484533737,48.5809497816841
20,151,17,58.4359188212399,27.8009194681148,47.5750532017132,0.433173900008964,146,27,74.2465943842091,26.0164675259906,35.0406207069396,0.400890430422243,129,30,57.2657770364192,16.2965421203865,28.4577333335098,0.63306841145884,180,40,124.371142618849,33.5982178991181,27.0144803622847,0.355253767523699,0.671052631578947,-0.0238095238095238,0.380884282113255,0.144847557768233,38.0292820077997,0.526053939927221,"data/NAIP/FlaggRanch2015/m_4411059_sw_12_h_20150924.tif",899.25,709,"young",2251.34607031328,14.6415364052527,73.7251837823782
25,151,20,63.4639977759244,22.083612145495,34.7970706532966,0.51283703417712,148,30,82.006950236308,21.0036202865168,25.6120002341187,0.475644737974862,130,33,60.7297748123436,15.2442602221704,25.1017894752211,0.64196819821952,181,57,147.274673338894,21.5589874433656,14.6386251991585,0.515573721037019,0.664739884393064,0.0104166666666667,0.409667953805864,0.119412333012467,29.1485657843413,0.617675163120096,"data/NAIP/FlaggRanch2015/m_4411059_sw_12_h_20150924.tif",899.25,951,"young",2365.68303802105,8.67025877936501,119.34132489881
26,157,13,50.9972191323693,24.610908016107,48.2593138112619,0.472650075386226,161,26,64.1751946607341,24.0866748944832,37.5326869233803,0.462509557384859,158,34,57.9096218020022,12.6597456188385,21.8612127396086,0.686233540996115,184,23,94.5809232480534,39.5082549826745,41.7719066656369,0.365766810521018,0.661538461538462,-0.140495867768595,0.299073585911098,0.137951518925194,46.1262797598584,0.487263222981531,"data/NAIP/FlaggRanch2015/m_4411059_sw_12_h_20150924.tif",899,235,"young",2135.56218383789,28.4209267965328,279.336979619438
28,127,15,49.5058365758755,21.7147157224762,43.8629406639658,0.448133734983526,130,28,68.2498610339077,24.9375554577336,36.5386171927064,0.405716280884657,102,35,55.5453029460812,11.5853688611342,20.8575131409046,0.663149916135028,182,27,112.050027793218,39.0502943916683,34.8507672516898,0.337330974745668,0.709677419354839,-0.0921052631578947,0.391355255773775,0.117471524273517,30.0165955459717,0.508783263855911,"data/NAIP/FlaggRanch2015/m_4411059_sw_12_h_20150924.tif",899.5,969,"young",2140.18472167969,20.6645555846168,276.804349928044
31,138,13,39.6496106785317,22.4270879172759,56.5631983100884,0.582912020058652,138,25,55.0375417130145,25.1254096867006,45.651402487621,0.555529993135592,113,32,51.464404894327,13.4517987053004,26.1380632554116,0.672279835237596,183,20,77.622914349277,45.163614386965,58.1833531574761,0.449986499545543,0.722543352601156,-0.131782945736434,0.300109469295449,0.151653040039225,50.5325741287847,0.484595851224791,"data/NAIP/FlaggRanch2015/m_4411059_sw_12_h_20150924.tif",899,215,"old",2073.26750225172,9.49822060802239,309.144886496499
34,122,12,43.1364647026126,21.9024170625233,50.7747151128886,0.531296204757734,126,25,59.961367426348,24.1402607843116,40.2596902313205,0.477069141294955,116,31,52.5414118954975,14.1250356885211,26.8836241336931,0.63753164571595,168,23,90.9377431906615,37.3997039056587,41.1267121807124,0.397477064242086,0.694267515923567,-0.0598290598290598,0.361337659841586,0.122092964635011,33.7891612760588,0.487498389261981,"data/NAIP/FlaggRanch2015/m_4411059_sw_12_h_20150924.tif",899.5,1280,"old",2174.56968521933,10.9951298446163,60.1461381500883
37,135,14,42.9263274951348,28.2229103520387,65.747321047293,0.609860764786075,135,26,58.1320544898527,28.7820541149517,49.5115033651112,0.58405671395653,101,31,52.2932999721991,14.9851202479578,28.6559086076503,0.689043078429967,187,23,84.6983597442313,48.974828726709,57.8226412820758,0.488825806390927,0.714285714285714,-0.130434782608696,0.315653355929067,0.148532010637876,47.0554194491929,0.53920442468957,"data/NAIP/FlaggRanch2015/m_4411059_sw_12_h_20150924.tif",899.25,415,"old",2091.30483480518,11.1296875966874,49.9741136884296
41,164,12,45.3704115684093,28.1634441436701,62.0744735833073,0.545109997416595,160,23,61.4532814238042,29.4312765961731,47.8921156271612,0.497186379384375,143,31,53.3248053392659,16.542915297933,31.0229267461603,0.646607947371552,190,24,99.702447163515,48.6718272157963,48.8170838334319,0.43264210799527,0.734375,-0.125,0.376165107451896,0.149232144667019,39.6719795937221,0.496065287161069,"data/NAIP/FlaggRanch2015/m_4411059_sw_12_h_20150924.tif",899,990,"old",2283.40597095423,27.7427312570486,109.52216736031
43,106,13,42.5724617524339,19.556432573762,45.936814007811,0.480706712926761,126,25,61.7941585535466,24.6036227393505,39.8154507080644,0.416090843221129,107,32,51.0795549374131,10.6842585086552,20.9168982027085,0.644485521661757,182,27,100.386648122392,39.956969617452,39.8030717877303,0.322894397009406,0.67032967032967,-0.114093959731544,0.40383810613924,0.108015093823607,26.747127668622,0.495903983478527,"data/NAIP/FlaggRanch2015/m_4411059_sw_12_h_20150924.tif",898.75,320,"old",2146.92990410395,5.12964805624215,312.600134052668
49,172,11,42.3192436040044,33.6798619927475,79.5852173254829,0.58448904842294,182,25,57.0820355951057,32.8146597022849,57.4868421565163,0.556323543675317,181,34,56.6454393770857,27.0801259706918,47.8063658230645,0.663818319379302,180,19,70.0069521690768,40.9621176672039,58.5114997840136,0.456891632811377,0.68944099378882,-0.232472324723247,0.255989940436855,0.189361708487924,73.9723241330391,0.479963471098291,"data/NAIP/FlaggRanch2015/m_4411059_sw_12_h_20150924.tif",899,415,"old",2231.05363554293,6.51542546399573,252.660446360136
51,149,13,44.4182879377432,30.5645312247558,68.8106918204393,0.638496770298763,146,22,60.1133963312952,31.5397720961983,52.4671271647626,0.57614357511625,106,28,52.4780433574208,17.6832929780947,33.6965554482591,0.707464004450481,184,19,87.8324068927182,54.7457792446942,62.3298178672967,0.564643880219277,0.711538461538462,-0.147540983606557,0.307037880359132,0.158624175308905,51.6627378756546,0.553790560002369,"data/NAIP/FlaggRanch2015/m_4411059_sw_12_h_20150924.tif",899.5,263,"old",2187.78618705511,8.17455416437349,103.031007623846
52,149,11,47.6744509313317,32.5490123371965,68.2734917788121,0.570777199579304,149,22,61.4829024186822,31.8371228462731,51.7820753312372,0.562234263795229,130,26,52.0867389491243,18.8077397021862,36.1084991720382,0.669116840837999,185,19,92.1259382819016,50.5839920631751,54.9074375865678,0.485220251709744,0.733333333333333,-0.0769230769230769,0.325259001091415,0.153151130310959,47.0859007120651,0.540102160703465,"data/NAIP/FlaggRanch2015/m_4411059_sw_12_h_20150924.tif",899.25,696,"old",2247.01427612305,7.51906171986218,171.977707693344
56,145,14,54.1938888888889,30.228594049039,55.778602843976,0.482502214545734,141,26,70.5597222222222,30.2815314583626,42.9161715843967,0.463614430137392,129,31,59.2491666666667,17.3651714541847,29.3087184700511,0.634060246615202,186,26,108.148611111111,42.4611078214621,39.2618151867321,0.412502994710423,0.702702702702703,-0.104294478527607,0.350080875206598,0.142306878156799,40.6497150330813,0.497192201126755,"data/NAIP/FlaggRanch2015/m_4411059_sw_12_h_20150924.tif",900,317,"old",2090.07729590089,1.86182371808867,116.792550492141
38,119,9,31.8212896053363,17.6746622651592,55.543513428806,0.625835406461657,124,19,46.3190661478599,21.3266147333835,46.0428426283566,0.605921458243707,93,21,39.3390772651473,10.9532116582993,27.8430822982302,0.717934996588417,187,24,83.8685380767093,41.502992910056,49.4857712579845,0.412606715146127,0.728155339805825,0.0563380281690141,0.443419799766589,0.104624957057184,23.5950124717609,0.536765381237232,"data/NAIP/RangerPeak2015/m_4311002_ne_12_h_20150912.tif",899.5,905,"old",2414.9703704834,18.6013629908469,106.598211356497
22,149,21,69.8128996385877,28.3773686317235,40.6477438677228,0.528529964259287,142,31,77.9605226577704,24.7674747818231,31.7692518437144,0.523201151654389,131,33,63.3986655546289,19.2406624247599,30.3486867687786,0.644571465155678,186,43,126.619683069224,32.2071892362244,25.4361632058551,0.434142394351153,0.641025641025641,-0.031390134529148,0.302553804328366,0.139577389977756,46.1330804574087,0.586984484944287,"data/NAIP/SurveyPeak2015/m_4411058_se_12_h_20150924.tif",899.25,562,"young",2338.97332934707,16.365963293313,201.187579988964
39,99,9,26.4610894941634,14.8812746759992,56.2383294130109,0.661105528571154,110,21,40.5389105058366,18.5040630191035,45.6451907271641,0.646857696461786,78,25,38.0928293496387,9.3128224177053,24.4477046643783,0.706436536322924,176,18,60.5814341300723,40.9929903071613,67.665929167584,0.494961056511101,0.723076923076923,-0.0952380952380952,0.349153356760127,0.145052199797999,41.5439797411577,0.494391187379517,"data/NAIP/SurveyPeak2015/m_4411058_se_12_h_20150924.tif",899.5,15,"old",2343.60440487052,9.56855149315568,8.80784589253077
40,95,11,28.6098442714127,14.4443646244999,50.4873933862441,0.644885153023852,115,23,44.4835928809789,19.1962852223177,43.1536303141691,0.58354674666354,94,27,43.6562847608454,10.44829867451,23.93309172264,0.713153965562661,184,18,71.210511679644,43.4318087885792,60.9907270207054,0.409376268105275,0.727272727272727,-0.0641025641025641,0.385848289435325,0.136034737528963,35.2560167437945,0.483312734314207,"data/NAIP/SurveyPeak2015/m_4411058_se_12_h_20150924.tif",899,987,"old",2202.51142066536,5.60096058981278,333.527088233501
44,152,11,35.3761467889908,20.5747644587884,58.1599928943966,0.585653687310339,151,22,50.712816235752,22.3525345466569,44.0766973830545,0.546664677643898,135,25,45.3299972199055,14.4220633149835,31.8157163015454,0.672280006218456,181,16,84.4250764525994,42.4554436926413,50.287717200325,0.37703951917598,0.748031496062992,-0.142857142857143,0.396686175642199,0.144248647121245,36.3634167204641,0.507991711966676,"data/NAIP/SurveyPeak2015/m_4411058_se_12_h_20150924.tif",899.25,820,"old",2413.0474039795,18.2967007896376,56.8150305078805
47,162,6,28.3078420467186,20.2892862706538,71.6737299761983,0.684841641778815,155,19,42.7480533926585,22.2596245775808,52.0716683239748,0.651709179651603,131,27,42.3061735261402,13.5835733134991,32.1077804521982,0.754993733077234,180,15,64.7719688542825,44.183669676171,68.2141834773789,0.489180219056122,0.736526946107784,-0.157894736842105,0.355590481393511,0.150463179989163,42.3136129514823,0.488140319174403,"data/NAIP/SurveyPeak2015/m_4411058_se_12_h_20150924.tif",899,203,"old",2264.66805737957,8.74226598196047,241.033118873143
50,80,9,29.991935483871,14.2276031555525,47.4380960281932,0.573417397908431,108,21,46.238042269188,19.1981558848505,41.5202611154749,0.527112520867734,76,24,40.4827586206897,9.20319124422296,22.7336069916921,0.67750544989719,169,18,75.8879310344828,40.6866783589554,53.6141620997254,0.352203014507802,0.7,-0.0526315789473684,0.404292448753744,0.129600555489456,32.0561405212879,0.489544881256432,"data/NAIP/SurveyPeak2015/m_4411058_se_12_h_20150924.tif",899,335,"old",2373.46480778733,20.7699525463387,9.40153326928429
55,179,13,44.2473596442468,27.479685675114,62.1046903048078,0.551737105787411,169,25,59.1881600889383,28.2410176519005,47.713964430495,0.52191137280334,147,26,49.8465814341301,18.0431117558069,36.19729023875,0.662908873236097,195,27,107.903001667593,46.5347946550713,43.1265061545061,0.415998196362896,0.726190476190476,-0.025,0.428166000679735,0.135765984034705,31.7087260126142,0.551990737844254,"data/NAIP/SurveyPeak2015/m_4411058_se_12_h_20150924.tif",899.5,646,"old",2429.57965969245,17.840622852303,213.722955917521
