"Plot_code","FBFM","zmax","zmean","zcv","zp25","zp50","zp75","zp90","zp99","zfcc","zfsc","Rcv","Gcv","Bcv","NIRcv","Rhom","Ghom","Bhom","NIRhom","NDVIhom","Rmax","Gmax","Bmax","NIRmax","NDVImax","Rmean","Gmean","Bmean","NIRmean","NDVImean","Rmin","Gmin","Bmin","NIRmin","NDVImin","Rsd","Gsd","Bsd","NIRsd","NDVIsd","Veg_type","index"
"Con_11_1","GS2",8.18000030517578,1.64207601547241,126.371658325195,0.170000001788139,0.28999999165535,3.22499990463257,5.05000019073486,7.0939998626709,12.9862356185913,23.2196292877197,16.7606430053711,12.7886991500854,13.5088386535645,14.0827903747559,0.540311098098755,0.629024744033813,0.640153884887695,0.601545333862305,0.661992847919464,157,164,144,170,0.514018714427948,98.1875,100.369445800781,86.5508346557617,134.055282592773,0.155373692512512,25,36,43,31,-0.0940170958638191,16.4568557739258,12.8359460830688,11.6920127868652,18.8787250518799,0.0807339176535606,1,1
"Con_12_1","TL1",19.4589996337891,5.07331562042236,79.1637115478516,0.745000004768372,4.93499994277954,8.26650047302246,10.3669996261597,13.5693998336792,48,17.5522384643555,43.328556060791,32.4192771911621,26.3242473602295,36.1873512268066,0.418424040079117,0.430825144052505,0.586004912853241,0.306074291467667,0.529122829437256,142,138,124,180,0.595959603786469,62.7136116027832,74.4183349609375,66.7766647338867,107.620002746582,0.26288366317749,23,32,39,28,-0.0724637657403946,27.1729030609131,24.1258850097656,17.5784549713135,38.9448280334473,0.143056288361549,1,2
"Con_13_1-CWD","TL1",26.1700000762939,5.15731763839722,129.947082519531,0.140000000596046,0.239999994635582,11.2200002670288,15.7799997329712,21.2094993591309,12.6321086883545,17.5138397216797,20.5869674682617,17.1308345794678,17.8164100646973,18.4405479431152,0.480398178100586,0.548625290393829,0.582479238510132,0.472699910402298,0.601663827896118,146,147,146,161,0.556886255741119,91.2149963378906,94.524169921875,87.8836135864258,104.274169921875,0.0681521221995354,37,46,47,41,-0.192307695746422,18.7784023284912,16.1927795410156,15.6577053070068,19.2287273406982,0.0985440313816071,1,3
"Con_13_2","TL1",17.1499996185303,6.34152412414551,64.7113647460938,3.21000003814697,6.32000017166138,9.56999969482422,11.8240003585815,14.9947996139526,43.1772727966309,6.80272102355957,37.0095634460449,28.5613746643066,24.0476970672607,30.1619110107422,0.503933131694794,0.551286220550537,0.627444982528687,0.482562273740768,0.618166744709015,137,129,112,170,0.614973247051239,73.8536148071289,80.8052749633789,74.2522201538086,106.041389465332,0.187602415680885,19,28,37,23,-0.126436784863472,27.3329010009766,23.0790977478027,17.8559494018555,31.98410987854,0.115161329507828,1,4
"Con_14_1","TU1",21.8700008392334,7.75547122955322,81.9201431274414,0.409000009298325,7.46999979019165,13.0200004577637,16.5312004089355,20.5377998352051,43.7412109375,16.221284866333,41.6119041442871,32.6929016113281,25.8331279754639,29.8195934295654,0.41229173541069,0.43460339307785,0.562022805213928,0.399925202131271,0.555694580078125,156,167,143,186,0.615384638309479,73.912223815918,87.0041656494141,75.2525024414062,120.59610748291,0.253996461629868,20,32,39,34,-0.0497237555682659,30.7562828063965,28.444185256958,19.4400749206543,35.9612693786621,0.128509476780891,1,5
"Con_21_1","TU5",25.9400005340576,5.33696126937866,114.311080932617,0.647499978542328,3.04500007629395,7.5774998664856,15.75,23.4529991149902,53.5648155212402,32.037036895752,44.470832824707,33.8879890441895,24.1044845581055,37.7988891601562,0.560890913009644,0.513819217681885,0.676449596881866,0.342570394277573,0.5330930352211,107,115,104,172,0.698113203048706,36.9780540466309,52.866943359375,49.4786109924316,93.0422210693359,0.424234062433243,13,23,30,23,-0.0769230797886848,16.4444484710693,17.9155445098877,11.9265642166138,35.1689262390137,0.134952768683434,1,6
"Con_22_1","TU5",24.6599998474121,8.1437816619873,70.3136520385742,3.42000007629395,8.07999992370605,12,15.3020000457764,23.0377998352051,62.1653099060059,13.6204891204834,60.6424522399902,46.070743560791,35.398063659668,45.7642593383789,0.547312200069427,0.536284983158112,0.662874341011047,0.404248684644699,0.531040489673615,168,165,160,182,0.752380967140198,47.2177772521973,61.0055541992188,53.7069435119629,101.019721984863,0.365496754646301,13,20,27,21,-0.0310559011995792,28.6340179443359,28.105712890625,19.0112190246582,46.2309265136719,0.150300845503807,1,7
"Con_22_2","TU5",24.4099998474121,8.70013523101807,74.1563339233398,3.15000009536743,8.51000022888184,13.0600004196167,18.3199996948242,22.8279991149902,50.2653160095215,10.8055953979492,46.4096069335938,36.2894897460938,25.9169425964355,36.9517555236816,0.541784405708313,0.538094162940979,0.651689291000366,0.420511573553085,0.591268062591553,143,139,119,173,0.647058844566345,54.0719451904297,67.0538864135742,61.9547233581543,106.182220458984,0.323756128549576,17,29,37,24,-0.0387596897780895,25.0945777893066,24.3335132598877,16.056770324707,39.2361946105957,0.129033073782921,1,8
"Con_23_1","TU5",23.6499996185303,5.47797012329102,92.6132431030273,1.60000002384186,4.32999992370605,7.6100001335144,12.3979997634888,20.4876003265381,48.8238105773926,16.4186267852783,50.3114967346191,38.8752021789551,28.2909507751465,34.8338317871094,0.45964190363884,0.434648454189301,0.594400823116302,0.359056025743484,0.488861113786697,148,146,130,186,0.689189195632935,55.0630569458008,70.5094451904297,62.2330551147461,106.971389770508,0.336729794740677,15,28,37,33,-0.0353982299566269,27.7030487060547,27.4106884002686,17.6063232421875,37.2622337341309,0.138732582330704,1,9
"Con_24_1","TU5",33.7099990844727,10.6160840988159,84.9298782348633,1.02999997138977,10.4049997329712,18.2625007629395,22.7950000762939,30.4120006561279,61.118278503418,23.2258071899414,41.6618461608887,36.6752586364746,17.3877849578857,59.5147933959961,0.672890841960907,0.714408993721008,0.816450655460358,0.486294716596603,0.570393323898315,88,114,90,186,0.609756112098694,31.9641666412354,46.8836097717285,49.7497215270996,70.4663925170898,0.33067512512207,17,30,39,24,-0.0588235296308994,13.3168621063232,17.1946849822998,8.65037441253662,41.9379272460938,0.123882815241814,1,10
"Con_31_1","TL3",25.8899993896484,7.1697039604187,82.0340118408203,3.28999996185303,5.96999979019165,9.14750003814697,17.8120002746582,23.0797996520996,67.7771682739258,9.72146415710449,35.0196342468262,28.9291210174561,21.1520462036133,28.6441135406494,0.490086227655411,0.455195695161819,0.645789861679077,0.354461401700974,0.503105282783508,118,130,114,164,0.681159436702728,48.1283340454102,64.7722244262695,57.2986106872559,103.594444274902,0.365527302026749,15,27,35,35,-0.133757963776588,16.8543663024902,18.7380352020264,12.1198282241821,29.6737098693848,0.123261258006096,1,11
"Con_32_1","TU5",22.7999992370605,5.71979427337646,84.3245162963867,0.447499990463257,5.65500020980835,9.29249954223633,12.1479997634888,17.7847003936768,54.8525466918945,22.8418235778809,57.9419403076172,47.1542816162109,26.3022289276123,47.1161956787109,0.526214599609375,0.474658370018005,0.654081702232361,0.365950435400009,0.464656054973602,176,175,151,188,0.7379310131073,41.2036094665527,59.6172218322754,56.8719444274902,94.8502807617188,0.394229292869568,12,25,35,28,-0.0897832810878754,23.8741703033447,28.1120719909668,14.9585886001587,44.6898422241211,0.138108715415001,1,12
"Con_32_2","TU5",23.7600002288818,8.2040843963623,75.5962448120117,1.46000003814697,8.5600004196167,13.3100004196167,16.25,20.7409992218018,66.0316009521484,15.4739780426025,45.0460243225098,36.3354759216309,28.3320617675781,43.7256126403809,0.490292757749557,0.485729247331619,0.617431581020355,0.367252618074417,0.547418236732483,145,146,138,187,0.58208954334259,57.0513877868652,70.6519470214844,66.2613906860352,97.9563903808594,0.252834647893906,20,30,37,26,-0.177304968237877,25.6993827819824,25.6717205047607,18.7732181549072,42.83203125,0.144486501812935,1,13
"Con_33_1","TL3",26.1900005340576,8.2775707244873,82.9508514404297,1.79999995231628,7.59499979019165,13.5100002288818,18.326000213623,23.4412002563477,56.155143737793,14.1090497970581,51.4910354614258,40.1952171325684,24.09157371521,40.5096893310547,0.466606497764587,0.448282212018967,0.636699259281158,0.332050412893295,0.508947968482971,135,139,113,179,0.716417908668518,47.4713897705078,62.043888092041,56.2213897705078,99.758056640625,0.363165467977524,13,26,35,27,-0.0412371121346951,24.443510055542,24.9386749267578,13.5446176528931,40.411678314209,0.114114299416542,1,14
"Con_33_2","TU5",27.2399997711182,9.23487091064453,73.1071014404297,2.68249988555908,9.21000003814697,14.3950004577637,18.5960006713867,23.3633995056152,62.92822265625,14.0293636322021,60.9213333129883,47.652645111084,27.5954837799072,55.1495361328125,0.568960785865784,0.52739143371582,0.66764771938324,0.425346344709396,0.473719477653503,140,150,135,178,0.699999988079071,38.2461128234863,55.603889465332,54.1152763366699,80.2200012207031,0.341951042413712,12,24,34,23,-0.142857149243355,23.3000411987305,26.4967250823975,14.9333724975586,44.2409591674805,0.137046992778778,1,15
"Con_34_2","TU5",25.0400009155273,8.80843734741211,87.0797958374023,1.91999995708466,6.19000005722046,16.0599994659424,20.5200004577637,23.6648006439209,64.3442611694336,15.7274589538574,45.5761985778809,35.694896697998,21.6574993133545,36.4559097290039,0.486500203609467,0.482720285654068,0.666155219078064,0.323321849107742,0.514080405235291,113,120,107,178,0.679389297962189,44.4183349609375,59.7783317565918,56.3444442749023,100.815277099609,0.390347599983215,14,26,36,27,-0.0596026480197906,20.2441883087158,21.3378143310547,12.2027978897095,36.7531280517578,0.119289129972458,1,16
"Con_41_1","TU5",18.0499992370605,6.58375406265259,66.8401412963867,2.6324999332428,6.77449989318848,10.0574998855591,12.6110000610352,15.3696002960205,52.8532600402832,12.0923910140991,38.0408210754395,28.5412998199463,23.7539215087891,34.5845909118652,0.420564085245132,0.455844342708588,0.596215605735779,0.317809402942657,0.519949615001678,157,147,131,186,0.574468076229095,68.6886138916016,79.9744415283203,69.8283309936523,110.845275878906,0.230033919215202,23,35,37,28,-0.140000000596046,26.1297130584717,22.8257446289062,16.5869674682617,38.3353843688965,0.138839557766914,1,17
"Con_42_1","TU5",22.0599994659424,7.42684602737427,77.8866271972656,0.5,7.5,12.0699996948242,15.0620002746582,19.7684001922607,48.9136199951172,15.8982515335083,25.5600547790527,19.8220996856689,19.8972244262695,14.0769443511963,0.459326505661011,0.536546051502228,0.614177465438843,0.556897640228271,0.694537818431854,161,145,132,166,0.573770463466644,106.578887939453,107.038612365723,97.2716674804688,123.494163513184,0.0884229987859726,25,35,40,41,-0.0757575780153275,27.2416229248047,21.2173004150391,19.354362487793,17.384204864502,0.126818612217903,1,18
"Con_42_2","TU5",25.1000003814697,7.52588224411011,85.7921600341797,0.867500007152557,6.53499984741211,11.8599996566772,17.3939990997314,22.5804996490479,68.0539932250977,21.2223472595215,51.5788917541504,41.3039741516113,24.4699859619141,45.7794647216797,0.511054933071136,0.48127543926239,0.616415619850159,0.368557095527649,0.468981027603149,134,143,124,177,0.668874144554138,40.885555267334,59.543888092041,58.6902770996094,87.7105560302734,0.357298910617828,12,27,38,24,-0.121495328843594,21.0883159637451,24.5939922332764,14.3615026473999,40.1534233093262,0.13324610888958,1,19
"Con_43_2","TL3",23.0599994659424,10.4058589935303,54.3617858886719,6.55249977111816,10.6099996566772,14.5600004196167,17.4360008239746,22.3537006378174,36.6330375671387,2.96342992782593,38.6588821411133,29.8181171417236,28.5117874145508,25.4666595458984,0.601618647575378,0.642357170581818,0.727586805820465,0.632203936576843,0.720668852329254,148,147,137,169,0.592592597007751,93.7344436645508,100.186111450195,94.7394409179688,123.437225341797,0.162072777748108,17,28,38,22,-0.148387089371681,36.236686706543,29.8736114501953,27.0119075775146,31.435338973999,0.153023958206177,1,20
"Con_44_2","TU5",39.7599983215332,15.6820468902588,64.9920120239258,7.31750011444092,17.0450000762939,23.3899993896484,28.0520000457764,36.0541000366211,76.1904754638672,14.145658493042,55.1987648010254,44.9695854187012,25.6150798797607,47.4969825744629,0.58833646774292,0.543055772781372,0.701856076717377,0.414788782596588,0.553661584854126,132,135,104,198,0.728813588619232,41.2119445800781,57.6858329772949,51.9047241210938,102.752502441406,0.417133986949921,8,23,32,18,-2.7528641258906e-12,22.7484836578369,25.9410800933838,13.2954368591309,48.8043365478516,0.120648644864559,1,21
"Con_44_4","TU5",33.5099983215332,12.4440774917603,72.1580581665039,2.07500004768372,14.1599998474121,20.0475006103516,23.9799995422363,28.5172004699707,69.5779571533203,18.1711597442627,52.4700546264648,46.0298233032227,26.3535118103027,59.7123603820801,0.67628538608551,0.618464350700378,0.736580967903137,0.449997216463089,0.579172015190125,104,114,90,180,0.710144937038422,30.5719451904297,47.4352760314941,47.5499992370605,82.5761108398438,0.418004006147385,11,23,32,17,-0.0810810774564743,16.0411167144775,21.8343734741211,12.5310945510864,49.3081436157227,0.136458471417427,1,22
"Con_BerryGlade_Unburned3","TU5",17.7700004577637,0.727133512496948,227.819152832031,0.259999990463257,0.449999988079071,0.810000002384186,1.16999995708466,9.67800045013428,0.863557875156403,69.0270614624023,23.9840126037598,17.3335208892822,16.9018497467041,11.9906206130981,0.424791246652603,0.415092617273331,0.608945310115814,0.430542886257172,0.509741485118866,132,144,130,167,0.558441579341888,65.2063903808594,84.2322235107422,67.2147216796875,127.964721679688,0.330703288316727,28,40,43,63,-0.0277777779847383,15.6391086578369,14.6004095077515,11.3605318069458,15.3437643051147,0.0994457751512527,1,23
"Dec_51_1","TU1",9.04899978637695,2.79650974273682,88.0721588134766,0.379999995231628,2.33999991416931,4.74499988555908,6.24980020523071,8.55379962921143,32.985782623291,25.0236968994141,36.0385322570801,26.9669933319092,26.9149036407471,21.4971294403076,0.404030442237854,0.450296074151993,0.565713047981262,0.443198353052139,0.580254197120667,205,203,198,204,0.646341443061829,88.6449966430664,98.8616638183594,82.0969467163086,142.568893432617,0.24721023440361,24,33,38,26,-0.10810811072588,31.9463558197021,26.6600189208984,22.0963134765625,30.6482200622559,0.146135792136192,2,24
"Dec_51_3-Dense","TU1",8.61999988555908,4.08167743682861,64.2397689819336,0.419250011444092,5.13000011444092,6.15000009536743,6.82999992370605,7.81680011749268,85.6756744384766,5.7142858505249,22.2353115081787,18.5303134918213,12.0514316558838,16.0479946136475,0.455327540636063,0.449253588914871,0.689294755458832,0.382722973823547,0.671782195568085,123,131,105,182,0.529411792755127,76.263053894043,90.2277755737305,68.7949981689453,139.343887329102,0.297078460454941,27,39,40,59,0.101851850748062,16.9573268890381,16.7194900512695,8.29078197479248,22.3618984222412,0.0661948770284653,2,25
"Dec_52_2","TU1",13.7200002670288,3.85510516166687,99.2937927246094,0.340000003576279,2.34999990463257,7.41499996185303,9.22999954223633,11.9899997711182,47.7008590698242,28.5497722625732,29.449857711792,23.6183586120605,17.0622901916504,20.8303546905518,0.429166585206985,0.470228105783463,0.665755450725555,0.418195813894272,0.630854964256287,147,149,142,200,0.568181812763214,84.6511077880859,99.111946105957,80.2522201538086,143.47639465332,0.266182780265808,30,42,49,44,0.00355871883220971,24.929630279541,23.4086151123047,13.6928663253784,29.8866424560547,0.0905708149075508,2,26
"Dec_61_2","TU1",12.5600004196167,3.68089056015015,98.1874923706055,0.259999990463257,2.86999988555908,5.51999998092651,9.76000022888184,11.9350004196167,38.9634437561035,20.2221202850342,28.507474899292,23.9337215423584,18.3249015808105,18.2706604003906,0.412687480449677,0.455656468868256,0.602669894695282,0.487431287765503,0.624252319335938,157,165,130,193,0.614035069942474,91.1658325195312,101.232223510742,76.7530517578125,139.356384277344,0.22058442234993,23,35,39,46,-0.0493273548781872,25.9890766143799,24.2286376953125,14.0649213790894,25.461332321167,0.0878667011857033,2,27
"Dec_62_5","TU1",23.6690006256104,10.3518896102905,74.1450576782227,0.962499976158142,10.5150003433228,17.4025001525879,20.6100006103516,22.6890506744385,66.0393524169922,9.53806686401367,33.281681060791,23.0616455078125,17.6080379486084,15.4602603912354,0.591708540916443,0.650165796279907,0.747322201728821,0.652649581432343,0.722173690795898,134,150,120,198,0.633986949920654,90.6741638183594,99.0158309936523,83.6858367919922,150.279159545898,0.267132967710495,24,38,46,46,0.0507246367633343,30.1778869628906,22.834680557251,14.7354335784912,23.233549118042,0.139483153820038,2,28
"Shr_71_1","GS2",0.430000007152557,0.182336956262589,39.369499206543,0.129999995231628,0.170000001788139,0.219999998807907,0.282999992370605,0.379999995231628,0,24.0208873748779,8.25033569335938,6.32209014892578,4.97090816497803,5.33044910430908,0.564876914024353,0.645395636558533,0.741106033325195,0.683492720127106,0.77202832698822,151,145,134,140,0.117370888590813,121.64722442627,119.263885498047,113.151390075684,121.893333435059,0.00204047397710383,85,92,91,93,-0.0791366919875145,10.036304473877,7.53997039794922,5.62465143203735,6.49746227264404,0.0286639966070652,3,29
"Shr_71_2","GS1",0.449999988079071,0.181372091174126,37.1523246765137,0.129999995231628,0.170000001788139,0.219999998807907,0.270000010728836,0.391400009393692,0,24.3243236541748,10.0216760635376,7.88507556915283,6.68108129501343,7.04431104660034,0.509430766105652,0.589195609092712,0.66089928150177,0.626330375671387,0.767998874187469,158,156,144,141,0.117647059261799,121.636108398438,120.726112365723,114.239166259766,117.659446716309,-0.0153053794056177,83,90,89,88,-0.116104871034622,12.1899766921997,9.5193452835083,7.63241147994995,8.28829765319824,0.0314761698246002,3,30
"Shr_72_1","GS2",0.560000002384186,0.207478627562523,42.4220771789551,0.140000000596046,0.189999997615814,0.259999990463257,0.333000004291534,0.453299999237061,0,30.5084743499756,10.8663234710693,7.37055349349976,7.11150121688843,8.34639549255371,0.563626229763031,0.684250950813293,0.769132077693939,0.592295527458191,0.760728478431702,160,147,127,166,0.25560536980629,119.980834960938,119.628890991211,108.66471862793,127.091110229492,0.0300565399229527,77,88,76,95,-0.0849056616425514,13.0375061035156,8.81731128692627,7.72769260406494,10.6075267791748,0.0460119135677814,3,31
"Shr_73_1","GS1",0.400000005960464,0.154207915067673,40.9555358886719,0.109999999403954,0.140000000596046,0.170000001788139,0.25,0.389999985694885,0,7.58258247375488,9.93053817749023,7.96451425552368,6.76453161239624,7.48110151290894,0.484847515821457,0.622212648391724,0.750192403793335,0.571734547615051,0.786497175693512,177,166,155,154,0.160493820905685,140.362777709961,136.401107788086,126.71639251709,127.423614501953,-0.0471382774412632,36,46,56,31,-0.143884897232056,13.9387798309326,10.8636856079102,8.57177066802979,9.53269004821777,0.0303051192313433,3,32
"Shr_73_2","TU1",3.80999994277954,0.453205138444901,168.087936401367,0.119999997317791,0.165000006556511,0.280000001192093,1.48000001907349,3.32800006866455,0.708306491374969,9.33676719665527,17.0268516540527,14.0589904785156,12.8657341003418,12.2004718780518,0.476340681314468,0.540524363517761,0.632679402828217,0.624768078327179,0.711126446723938,174,164,148,186,0.514792919158936,127.614166259766,123.408332824707,114.031944274902,134.41194152832,0.0302135497331619,33,44,47,37,-0.130081295967102,21.7286758422852,17.3499660491943,14.671046257019,16.3988914489746,0.0688491985201836,3,33
"Shr_81_1","GS2",0.620000004768372,0.200341135263443,42.774787902832,0.140000000596046,0.188999995589256,0.248999997973442,0.309500008821487,0.46000000834465,0,52.6964569091797,13.1324758529663,8.16221237182617,8.00959205627441,8.19280815124512,0.524518132209778,0.625187814235687,0.69047337770462,0.561696350574493,0.646212935447693,133,129,119,151,0.330097079277039,96.5994415283203,102.976387023926,95.384162902832,119.808052062988,0.109289899468422,67,80,74,86,-0.051020409911871,12.6858987808228,8.4051513671875,7.63988208770752,9.81564426422119,0.0637920945882797,3,34
"Shr_81_2","GS2",0.5,0.194849580526352,38.8931350708008,0.140000000596046,0.180000007152557,0.239999994635582,0.300000011920929,0.407000005245209,0,35.5736312866211,11.5854387283325,9.21298980712891,8.07370567321777,7.24608945846558,0.48512476682663,0.566705763339996,0.639323353767395,0.609545826911926,0.785353183746338,166,156,144,143,0.180180177092552,127.707221984863,125.646942138672,117.627777099609,121.360557556152,-0.0232576429843903,80,84,86,90,-0.105454541742802,14.7954416275024,11.5758399963379,9.49692058563232,8.79389476776123,0.0364580787718296,3,35
"Shr_82_2","GS2",0.850000023841858,0.27352300286293,51.0274620056152,0.170000001788139,0.239999994635582,0.360000014305115,0.469999998807907,0.670000016689301,0,47.1461181640625,12.4213848114014,9.38749694824219,7.88622713088989,11.6859836578369,0.533524692058563,0.667387068271637,0.766264736652374,0.521449208259583,0.767720937728882,183,179,122,193,0.330316752195358,110.047775268555,111.120277404785,97.0069427490234,130.49333190918,0.085409589111805,33,42,47,47,-0.0695652142167091,13.6694574356079,10.4314126968384,7.65018796920776,15.2494297027588,0.0447412356734276,3,36
"Shr_82_3","GS2",0.569999992847443,0.220637410879135,44.1372909545898,0.149000003933907,0.199000000953674,0.280000001192093,0.360000014305115,0.519060015678406,0,41.6916618347168,9.4080753326416,6.73999261856079,5.01088666915894,7.49006462097168,0.498700052499771,0.601663768291473,0.724749982357025,0.576861262321472,0.75524377822876,146,141,126,149,0.161016955971718,116.864723205566,115.67138671875,109.293891906738,126.798057556152,0.0415471978485584,85,90,90,95,-0.0708661451935768,10.9947214126587,7.79624271392822,5.47659301757812,9.4972562789917,0.0325775146484375,3,37
"Shr_83_1","GS2",0.980000019073486,0.274841129779816,56.7746162414551,0.159999996423721,0.25,0.360000014305115,0.490000009536743,0.753099977970123,0,54.5918350219727,13.8261909484863,10.6558799743652,10.3242216110229,12.1611700057983,0.476097762584686,0.533523976802826,0.632221162319183,0.487863063812256,0.759846925735474,157,156,133,175,0.325581401586533,103.253608703613,107.214164733887,97.1149978637695,121.423889160156,0.0815991833806038,55,65,60,74,-0.0614525154232979,14.2760410308838,11.4246129989624,10.0263671875,14.766565322876,0.0561031810939312,3,38
"Shr_91_2","GS2",1.04999995231628,0.273200005292892,50.8728523254395,0.159999996423721,0.239999994635582,0.349999994039536,0.469999998807907,0.670000016689301,0,60.7287445068359,11.3496131896973,7.9806022644043,5.8810567855835,9.95642375946045,0.482124030590057,0.586256146430969,0.6930912733078,0.531766295433044,0.743059277534485,152,144,137,151,0.140186920762062,107.812225341797,110.500831604004,107.589996337891,106.273330688477,-0.00644293939694762,72,86,85,78,-0.126213595271111,12.236270904541,8.81863212585449,6.32742881774902,10.5810232162476,0.0329258590936661,3,39
"Shr_91_4","GS2",0.589999973773956,0.234505012631416,40.0448226928711,0.165000006556511,0.219999998807907,0.28999999165535,0.360000014305115,0.529999971389771,0,59.2616996765137,9.93597984313965,6.93135166168213,6.0710129737854,8.25103282928467,0.624043345451355,0.689164042472839,0.750958800315857,0.661011159420013,0.795680284500122,165,155,143,155,0.188679248094559,101.789443969727,107.153335571289,102.161666870117,108.74388885498,0.0336403734982014,82,89,84,87,-0.100840337574482,10.1137790679932,7.42717456817627,6.20224809646606,8.97249412536621,0.0327653214335442,3,40
"Shr_92_1","GS2",1.04999995231628,0.353149801492691,53.8427772521973,0.200000002980232,0.310000002384186,0.474500000476837,0.629999995231628,0.849659979343414,0,57.1230354309082,13.6491031646729,9.7994556427002,6.74391746520996,13.7520990371704,0.418456196784973,0.525285184383392,0.685094654560089,0.406287640333176,0.755430281162262,163,153,134,165,0.181102365255356,118.653053283691,119.251663208008,110.549446105957,127.40860748291,0.0353475138545036,73,85,85,75,-0.126126125454903,16.1950778961182,11.686014175415,7.45536327362061,17.5213584899902,0.0369397550821304,3,41
"Shr_92_2","GS2",2.13899993896484,0.310874760150909,90.525260925293,0.159999996423721,0.239999994635582,0.349999994039536,0.529999971389771,1.71639001369476,0.159659400582314,54.6567306518555,13.8011312484741,10.4387502670288,9.76735019683838,12.9926633834839,0.468375742435455,0.554316699504852,0.681329727172852,0.481917291879654,0.713192820549011,149,146,135,158,0.294117659330368,102.983055114746,107.516944885254,103.399169921875,115.519721984863,0.0575427673757076,47,61,67,64,-0.0994152054190636,14.2128267288208,11.223424911499,10.0993595123291,15.0090885162354,0.0594039559364319,3,42
"Shr_93_1","TU1",9.35000038146973,0.848145246505737,133.716430664062,0.189999997615814,0.409999996423721,1.05999994277954,2.38700008392334,4.79869985580444,10.3232269287109,66.499626159668,31.9124946594238,26.3683929443359,32.5619812011719,19.2135620117188,0.433023750782013,0.504060804843903,0.525413036346436,0.567533731460571,0.553642511367798,194,193,186,189,0.60869562625885,98.1427764892578,106.936668395996,89.6797256469727,146.313339233398,0.208498686552048,17,22,29,22,-0.137809187173843,31.3198089599609,28.1974811553955,29.2014961242676,28.112003326416,0.130650997161865,3,43
"0201003","GS2",0.449999988079071,0.179512187838554,36.9530906677246,0.129999995231628,0.170000001788139,0.219999998807907,0.270000010728836,0.370000004768372,0,18.981481552124,6.80633974075317,5.24755620956421,4.47308874130249,4.87233924865723,0.592793405056,0.671267151832581,0.738279461860657,0.688168823719025,0.813933670520782,154,141,132,139,0.0964912250638008,119.876945495605,118.054443359375,111.57861328125,122.10277557373,0.00975615624338388,90,96,91,98,-0.0851063802838326,8.1592321395874,6.19497346878052,4.9910101890564,5.94926166534424,0.0240694265812635,3,44
"0201006","GS2",0.479999989271164,0.172065213322639,40.2332916259766,0.119999997317791,0.159999996423721,0.209999993443489,0.270000010728836,0.370000004768372,0,19.3548393249512,8.96955680847168,7.13558483123779,5.89563083648682,5.53913259506226,0.527245283126831,0.635281026363373,0.744236946105957,0.665668785572052,0.823729574680328,172,161,144,154,0.133928567171097,140.92333984375,135.568054199219,124.765274047852,134.264999389648,-0.0228744931519032,93,99,96,104,-0.111888110637665,12.6401987075806,9.67357349395752,7.35570001602173,7.43711614608765,0.0328005701303482,3,45
"0201008","TU5",20.4899997711182,7.6373119354248,95.4298400878906,0.209999993443489,6.57999992370605,14.1700000762939,17.9459991455078,20.267599105835,21.3225364685059,15.9244260787964,27.1102657318115,23.2277946472168,20.9809532165527,23.863920211792,0.496779084205627,0.555426299571991,0.662569284439087,0.579087376594543,0.765788197517395,174,171,156,185,0.538461565971375,117.261947631836,117.405281066895,109.361389160156,126.066390991211,0.0405771173536777,24,34,43,21,-0.200000002980232,31.7900257110596,27.2706565856934,22.9450626373291,30.0843830108643,0.087045781314373,3,46
"0201040","TU5",24.5200004577637,5.72406053543091,101.261703491211,0.670000016689301,3.42000007629395,10.1000003814697,14.3920001983643,20.8292007446289,38.0566787719727,26.4170036315918,46.9734687805176,35.7239074707031,22.5146427154541,45.6787452697754,0.518600344657898,0.503511846065521,0.682676494121552,0.348163425922394,0.489388018846512,124,116,99,172,0.720000028610229,40.5930557250977,54.5297241210938,49.2608337402344,87.5400009155273,0.351837307214737,12,24,30,18,-0.0847457647323608,19.0679664611816,19.4801483154297,11.0909004211426,39.987174987793,0.127949267625809,1,47
"0201047","TU5",31.7299995422363,9.85482597351074,87.8397750854492,0.720000028610229,9,16.0300006866455,22.9080009460449,29.7171993255615,57.6793441772461,26.1916217803955,72.9267959594727,62.5994834899902,37.8736915588379,67.621452331543,0.533422291278839,0.52374929189682,0.711010932922363,0.430745244026184,0.465133547782898,134,142,96,185,0.74193549156189,37.3675003051758,49.2847213745117,37.9119453430176,78.2074966430664,0.336053639650345,10,17,19,14,-0.121212124824524,27.250919342041,30.8519802093506,14.3586530685425,52.8850440979004,0.140829980373383,1,48
"0201052","TU5",27.1200008392334,10.6576452255249,65.1377334594727,4.48000001907349,11.3900003433228,16.4125003814697,19.5020008087158,24.3486003875732,72.3154983520508,11.3627490997314,54.5704536437988,44.6475563049316,25.7827491760254,40.481330871582,0.487731635570526,0.45385879278183,0.610903084278107,0.403236895799637,0.543513298034668,174,177,141,192,0.716129004955292,50.8380546569824,72.2811126708984,66.1686096191406,113.704719543457,0.390508770942688,12,26,39,29,0.0103092780336738,27.7425575256348,32.2717514038086,17.0600872039795,46.029182434082,0.126961693167686,1,49
"0201054","TU5",26.0200004577637,9.96115970611572,79.898193359375,2.3199999332428,8.72000026702881,17.4225006103516,21.2509994506836,24.6499996185303,59.2552032470703,14.8959474563599,47.2809944152832,37.8767318725586,23.8870620727539,36.6210861206055,0.471878081560135,0.439175993204117,0.600910186767578,0.365713447332382,0.521027445793152,148,149,126,178,0.671428561210632,49.5780563354492,68.6866683959961,62.5466651916504,103.823059082031,0.359109401702881,15,30,39,32,-1.43722626031254e-13,23.4409980773926,26.016263961792,14.9405612945557,38.0211334228516,0.123077355325222,1,50
"0201055","TU5",22.8500003814697,7.76017904281616,80.7620544433594,2.33999991416931,6.28999996185303,13.3400001525879,17.2740001678467,20.4085006713867,58.1901473999023,13.6884307861328,53.0220336914062,44.2983779907227,24.5581035614014,43.6051139831543,0.516429960727692,0.467285871505737,0.611147403717041,0.360554486513138,0.47519725561142,128,151,129,188,0.720930218696594,40.6327781677246,59.514720916748,58.5819435119629,87.982780456543,0.368446677923203,13,25,36,26,-0.150000005960464,21.5443248748779,26.3640556335449,14.3866138458252,38.364990234375,0.143377870321274,1,51
"0201056","TU1",25.7099990844727,10.667384147644,76.5791091918945,0.519999980926514,13.2799997329712,18.1200008392334,20.2099990844727,23.5359992980957,54.4540214538574,17.7681999206543,39.5296669006348,30.035831451416,19.150426864624,34.2887687683105,0.484412759542465,0.508107304573059,0.687225878238678,0.375667929649353,0.581883907318115,137,134,108,181,0.635220110416412,62.271110534668,75.2713851928711,65.7213897705078,112.064163208008,0.28719437122345,22,34,42,32,-0.0931676998734474,24.6155624389648,22.6083869934082,12.5859260559082,38.425422668457,0.106948859989643,1,52
"0201099","TU5",33.9000015258789,15.8031768798828,54.415584564209,9.55749988555908,18.3199996948242,22.3924999237061,24.9500007629395,30.6368007659912,85.7753982543945,4.91978597640991,45.7275581359863,41.2487983703613,23.3631458282471,48.3498725891113,0.596534848213196,0.54752105474472,0.715043842792511,0.424724251031876,0.570635318756104,119,136,86,172,0.664596259593964,37.4211120605469,53.0558319091797,44.2997207641602,91.2111129760742,0.39886200428009,12,21,26,20,-1.04950180490615e-11,17.1117610931396,21.8848934173584,10.3498086929321,44.100456237793,0.107236340641975,1,53
"0201104","TU1",17.3500003814697,5.73245286941528,101.339546203613,0.239999994635582,3.22499990463257,11.8824996948242,13.7889995574951,15.8128995895386,35.2392807006836,27.7812309265137,27.927921295166,22.9824504852295,19.6607532501221,22.7822647094727,0.47769820690155,0.524870276451111,0.639631450176239,0.492498219013214,0.668183207511902,155,157,145,186,0.540983617305756,95.6136093139648,105.884162902832,84.5880584716797,136.675827026367,0.182462722063065,26,39,44,34,-0.0769230797886848,26.7028942108154,24.3347759246826,16.6306495666504,31.1378479003906,0.0923097431659698,2,54
"0202048","TU1",29.8199996948242,13.2233915328979,59.7674942016602,6.08249998092651,15.585000038147,19.8999996185303,21.5650005340576,26.4354991912842,82.3390884399414,7.77080059051514,46.2682571411133,32.6020011901855,20.5716533660889,21.6881294250488,0.415413558483124,0.418464839458466,0.627211034297943,0.408240973949432,0.545000374317169,176,168,97,206,0.660377383232117,73.1849975585938,87.8097229003906,64.0455551147461,149.157501220703,0.367808997631073,18,28,31,44,0.00609756074845791,33.8614234924316,28.6277256011963,13.1752300262451,32.3494720458984,0.134730979800224,2,55
"0202049","GS1",0.180000007152557,0.12049999833107,19.1966590881348,0.109999999403954,0.114500001072884,0.129999995231628,0.14300000667572,0.174899995326996,0,1.63043475151062,9.32810115814209,6.83729648590088,4.97582674026489,7.46638154983521,0.5290407538414,0.654500305652618,0.781653642654419,0.631237506866455,0.783665537834167,158,151,135,150,0.09502262622118,121.796669006348,120.675552368164,114.289443969727,121.324165344238,-0.00117259379476309,91,98,96,97,-0.106719367206097,11.3613166809082,8.25094509124756,5.68684482574463,9.05852508544922,0.0249508693814278,3,56
"0202053","TU5",27.4300003051758,11.6867418289185,67.4862747192383,4.11749982833862,11.8100004196167,19.1800003051758,21.7089996337891,24.7488994598389,84.9911880493164,9.31755256652832,50.5994148254395,41.6014556884766,27.0594635009766,48.6988868713379,0.508692681789398,0.504811525344849,0.658456444740295,0.364011883735657,0.49457636475563,137,126,98,180,0.727999985218048,42.9352760314941,56.4830551147461,50.5480537414551,90.365837097168,0.337787717580795,11,19,26,12,-0.219512194395065,21.7249984741211,23.4977722167969,13.6780319213867,44.0071563720703,0.155681431293488,1,57
"0202064","TU5",27.7600002288818,10.554012298584,76.1875381469727,2.46000003814697,9.80000019073486,18.0200004577637,21.75,25.7015991210938,53.4057273864746,15.1036529541016,58.9775657653809,44.9978408813477,32.3897323608398,48.548023223877,0.471290230751038,0.459217309951782,0.589744746685028,0.428088963031769,0.481632709503174,151,148,139,188,0.716666638851166,53.4391670227051,67.570556640625,59.2000007629395,95.6247253417969,0.289710283279419,13,26,32,22,-0.207547172904015,31.5171203613281,30.4052925109863,19.1747207641602,46.4239120483398,0.154908239841461,1,58
"0202068","TU1",16.7700004577637,3.00853371620178,104.86254119873,0.389999985694885,2.30999994277954,4.57000017166138,7.5460000038147,13.3984003067017,43.0310173034668,33.568904876709,37.3731460571289,32.3461685180664,20.1197357177734,36.1360206604004,0.46157032251358,0.459382385015488,0.638412952423096,0.337120711803436,0.567634761333466,164,173,135,187,0.554140150547028,67.8869476318359,80.2541656494141,70.9794464111328,105.263885498047,0.209568843245506,31,38,48,28,-0.125,25.371488571167,25.9591464996338,14.2808771133423,38.0381774902344,0.113417439162731,2,59
"0202072","TU5",25.5,12.3720674514771,58.8292198181152,6.28999996185303,14.8199996948242,18.1700000762939,20.3740005493164,23.4755992889404,82.6232681274414,9.66969871520996,37.2018127441406,32.8461799621582,14.4276523590088,53.1948127746582,0.603711485862732,0.571694135665894,0.77188766002655,0.318359673023224,0.502581298351288,93,107,88,181,0.637681186199188,35.1163902282715,51.1141662597656,50.0830574035645,81.0425033569336,0.347623229026794,18,28,36,21,-0.0869565233588219,13.0639333724976,16.7890510559082,7.2258095741272,43.110408782959,0.14127890765667,1,60
"0202074","GS1",7.57000017166138,1.00043833255768,147.305511474609,0.150000005960464,0.360000014305115,1.22749996185303,3.02300000190735,6.51529979705811,12.2486772537231,55.8201065063477,6.31379413604736,6.02938222885132,7.39247894287109,8.5656566619873,0.611524760723114,0.644365131855011,0.642803192138672,0.583997368812561,0.833958864212036,219,215,210,203,0.407114624977112,184.760833740234,181.970275878906,175.991943359375,156.381942749023,-0.0839686021208763,75,89,52,72,-0.269961982965469,11.6654186248779,10.9716835021973,13.0101671218872,13.3951406478882,0.0370998941361904,1,61
"0202075","TL3",16.7199993133545,6.36905241012573,69.9833679199219,2.09750008583069,6.48999977111816,10.0825004577637,12.1330003738403,15.5972003936768,56.4887504577637,17.5824184417725,52.5755157470703,45.5954399108887,53.7785720825195,29.3516902923584,0.37765634059906,0.387796819210052,0.480604767799377,0.407568871974945,0.535523951053619,205,203,200,193,0.641791045665741,86.4438858032227,88.5261077880859,69.1191635131836,133.471664428711,0.243718087673187,16,20,17,25,-0.202380955219269,45.4483184814453,40.3638687133789,37.1712989807129,39.1761894226074,0.183418020606041,1,62
"0202076","TL3",26.3500003814697,10.082332611084,60.9205665588379,5.38749980926514,10.5349998474121,15.0124998092651,18.0419998168945,22.4752006530762,68.6207885742188,10.9034271240234,56.5221481323242,48.6185646057129,47.3965492248535,40.6887474060059,0.429524034261703,0.456274271011353,0.543500900268555,0.416861444711685,0.496841728687286,172,174,153,190,0.720588207244873,65.466667175293,71.163330078125,52.1319427490234,118.123054504395,0.307776689529419,11,18,15,17,-0.118110239505768,37.0031661987305,34.5985908508301,24.7087421417236,48.0627899169922,0.144002586603165,1,63
"0202077","TU5",25.3600006103516,8.82991504669189,71.3577041625977,3.25,8.72999954223633,13.6549997329712,16.9599990844727,23.9393997192383,65.7212142944336,17.1878795623779,56.0362854003906,47.0868377685547,43.6591148376465,46.6818046569824,0.431841433048248,0.432944923639297,0.560621082782745,0.326945066452026,0.450969398021698,174,173,174,178,0.674074053764343,49.3705558776855,58.0594444274902,46.2852783203125,92.649169921875,0.30183133482933,10,19,19,15,-0.135371178388596,27.6654262542725,27.3383560180664,20.20774269104,43.2503051757812,0.143423587083817,1,64
"0202078","TL3",31.8199996948242,10.4491157531738,88.0714797973633,0.910000026226044,9.0600004196167,18.0900001525879,24.4799995422363,29.9740009307861,54.384635925293,22.8203182220459,59.9287796020508,51.0444755554199,42.8022613525391,44.283073425293,0.462772309780121,0.450484991073608,0.585257589817047,0.355264484882355,0.487198859453201,180,179,175,197,0.754385948181152,52.1822204589844,62.3050003051758,44.7866668701172,108.057502746582,0.367201805114746,7,16,17,21,-0.09375,31.2721672058105,31.8032608032227,19.1697063446045,47.8511848449707,0.137768551707268,1,65
"0202079","GS1",13.9799995422363,3.27294111251831,102.486854553223,0.270000010728836,2.22000002861023,5.82499980926514,8.18599987030029,12.5312004089355,17.6674365997314,15.9930715560913,35.7861442565918,33.525577545166,39.184009552002,26.6854553222656,0.403098732233047,0.443894445896149,0.469308227300644,0.556648313999176,0.590234339237213,198,195,192,186,0.652173936367035,110.896385192871,106.436111450195,87.7302780151367,133.766662597656,0.108732387423515,18,22,20,21,-0.192307695746422,39.6855392456055,35.6833229064941,34.3762397766113,35.6962432861328,0.125052094459534,1,66
"0202091","TU5",36.4300003051758,18.4545974731445,50.9990692138672,12.5699996948242,19.8299999237061,25.4200000762939,29.9080009460449,34.9199981689453,88.132209777832,6.39508056640625,49.1870956420898,46.6802787780762,29.4978122711182,48.9990692138672,0.650752663612366,0.603539884090424,0.739509403705597,0.454954952001572,0.582353353500366,80,100,71,177,0.757009327411652,29.8741664886475,44.0561103820801,37.1669425964355,95.0711135864258,0.503463506698608,5,16,18,17,-0.128205135464668,14.6942348480225,20.5655155181885,10.9634351730347,46.5839614868164,0.108876131474972,1,67
"0202098","GS2",0.5,0.180620566010475,41.2552795410156,0.129999995231628,0.159999996423721,0.219999998807907,0.280000001192093,0.423700004816055,0,35.2279815673828,10.2538051605225,8.4471492767334,7.59246158599854,6.9417290687561,0.624355018138885,0.705993950366974,0.785287261009216,0.621718287467957,0.785679697990417,153,145,123,156,0.234234228730202,106.461669921875,106.440277099609,97.1986083984375,126.786109924316,0.0883593037724495,73,78,76,97,-0.0458015277981758,10.9163722991943,8.99116897583008,7.37976694107056,8.80114841461182,0.0450764000415802,3,68
"0203005","TU1",0.469999998807907,0.178297877311707,41.7831764221191,0.119999997317791,0.159999996423721,0.209999993443489,0.282999992370605,0.400000005960464,0,12.4338626861572,11.7477712631226,9.61861038208008,8.10122776031494,6.67641973495483,0.419418960809708,0.517435431480408,0.635074079036713,0.608799874782562,0.722284555435181,174,167,153,152,0.175438597798347,133.433609008789,130.09944152832,120.292503356934,129.722778320312,-0.011663100682199,89,92,90,99,-0.128571435809135,15.6754751205444,12.5137586593628,9.7451696395874,8.66083717346191,0.0451561659574509,3,69
"03A001","GS2",0.709999978542328,0.215799257159233,42.1197242736816,0.150000005960464,0.200000002980232,0.268999993801117,0.329899996519089,0.48879000544548,0,45.3125,13.6109113693237,8.61688613891602,9.08702564239502,7.74479722976685,0.499293446540833,0.598423361778259,0.650663733482361,0.557432293891907,0.681432545185089,143,136,126,154,0.320388346910477,105.591110229492,109.589447021484,101.699722290039,126.438888549805,0.0925687998533249,63,80,73,90,-0.0954773873090744,14.3719120025635,9.44319820404053,9.24147987365723,9.79243564605713,0.066446341574192,3,70
"03A005","GS2",0.879999995231628,0.238362580537796,51.800048828125,0.150000005960464,0.209999993443489,0.300000011920929,0.409999996423721,0.657500028610229,0,58.3285942077637,9.18126392364502,6.58418130874634,6.61198902130127,9.25809764862061,0.575697064399719,0.659636318683624,0.709893345832825,0.528005301952362,0.711556136608124,132,130,124,155,0.261261254549026,100.395553588867,103.814163208008,96.4572219848633,120.930274963379,0.0924692079424858,74,78,79,83,-0.0588235296308994,9.21758079528809,6.83531284332275,6.37774085998535,11.1958427429199,0.0464545041322708,3,71
"03A010","GS2",10.3489999771118,1.92626059055328,126.625305175781,0.219999998807907,0.400000005960464,3.58750009536743,5.90700006484985,8.87069988250732,20.3359336853027,38.2123565673828,45.1926956176758,31.4641990661621,31.2734127044678,22.1329231262207,0.498764455318451,0.538348376750946,0.643360435962677,0.527326166629791,0.571620225906372,186,175,160,184,0.63095235824585,68.9772186279297,82.6877746582031,69.4855575561523,139.254165649414,0.355416655540466,22,32,38,31,-0.0714285746216774,31.172664642334,26.0170459747314,21.730504989624,30.8210163116455,0.143302470445633,3,72
"03A011","GS1",18.9099998474121,6.7157506942749,89.7615203857422,0.209999993443489,6.32999992370605,12.0074996948242,15.1999998092651,17.9300003051758,30.1111106872559,19.9444446563721,23.0561447143555,19.0505218505859,19.5586109161377,11.5265274047852,0.402302205562592,0.475319355726242,0.545208394527435,0.6157106757164,0.680562496185303,187,188,179,166,0.517241358757019,123.392501831055,119.568885803223,107.868057250977,139.318328857422,0.0735647529363632,23,34,36,24,-0.0981595069169998,28.4495544433594,22.7784976959229,21.0974941253662,16.0585651397705,0.103968858718872,3,73
"03A013","GS1",16.3199996948242,2.15934944152832,192.908676147461,0.129999995231628,0.319999992847443,0.697499990463257,9.97700023651123,15.4074001312256,11.8103055953979,50.8435935974121,28.0494518280029,25.2105617523193,24.9177742004395,20.1525077819824,0.423009097576141,0.494930356740952,0.540729761123657,0.577476859092712,0.644275069236755,188,181,174,173,0.462365597486496,113.03971862793,111.226669311523,102.202499389648,138.18278503418,0.109698839485645,22,31,35,25,-0.0996978878974915,31.7070217132568,28.0408687591553,25.466588973999,27.847297668457,0.0877209976315498,3,74
"03A015","TL1",16.1599998474121,5.38617277145386,69.1817474365234,2.47000002861023,5.53000020980835,7.90000009536743,10.4940004348755,13.696439743042,49.836067199707,10.1639347076416,41.4319305419922,31.953125,26.1429176330566,30.8555908203125,0.384920567274094,0.421407580375671,0.5508052110672,0.363028109073639,0.542168617248535,162,152,137,196,0.56521737575531,73.3741683959961,82.2319412231445,73.3877792358398,118.899169921875,0.245880246162415,25,34,41,31,-0.104761905968189,30.400333404541,26.2756748199463,19.1857070922852,36.6870422363281,0.130689159035683,1,75
"03A016","GS1",0.168999999761581,0.117538459599018,26.99733543396,0.100000001490116,0.109999999403954,0.138999998569489,0.158000007271767,0.167919993400574,0,1.42543864250183,7.24192714691162,6.06320858001709,4.79406929016113,4.45973062515259,0.587725400924683,0.685491621494293,0.789754211902618,0.746991753578186,0.81876927614212,165,157,144,143,0.0691244229674339,129.461944580078,126.499725341797,121.383056640625,122.547500610352,-0.0266001150012016,98,100,102,98,-0.110294118523598,9.37553977966309,7.66994190216064,5.81918811798096,5.46528816223145,0.0254195593297482,3,76
"03A019","TU5",34.2999992370605,13.7393102645874,76.2492446899414,0.859499990940094,15.3800001144409,22.7649993896484,27.1679992675781,31.8157997131348,60.6747779846191,22.7876110076904,52.6639022827148,44.6172790527344,26.3983707427979,56.2738456726074,0.645828306674957,0.600257158279419,0.730625450611115,0.451003849506378,0.563168585300446,108,125,103,169,0.714285731315613,35.1188888549805,51.1194458007812,48.8502769470215,86.5286102294922,0.384360998868942,12,22,28,17,-0.0285714287310839,18.4949779510498,22.80810546875,12.8956775665283,48.6929779052734,0.137292429804802,1,77
"03A024","TU5",25.0900001525879,8.86325263977051,79.6897583007812,1.05250000953674,8.98499965667725,14.9549999237061,18.4729995727539,22.4631996154785,64.5137634277344,18.5321102142334,46.4248580932617,39.7666206359863,17.7931785583496,65.1037216186523,0.661360144615173,0.594407796859741,0.735303580760956,0.397073835134506,0.487075626850128,85,108,89,170,0.663551390171051,30.2130546569824,44.4461097717285,46.0697212219238,62.3838882446289,0.286478400230408,14,24,34,15,-0.15384615957737,14.0263671875,17.6747150421143,8.19726753234863,40.6142311096191,0.155944526195526,1,78
"03A025","TU5",25.0900001525879,11.2017879486084,68.3485870361328,3.3199999332428,12.2600002288818,18.2299995422363,20.6499996185303,23.6700000762939,76.7123260498047,12.8375730514526,43.8409194946289,34.8866882324219,19.9611511230469,43.0988731384277,0.489795029163361,0.480496406555176,0.671263754367828,0.319129317998886,0.501257061958313,111,117,97,181,0.688622772693634,44.2455558776855,61.021110534668,54.0805549621582,94.8163909912109,0.35089373588562,16,28,35,22,-0.0630630627274513,19.3976593017578,21.2882442474365,10.7951011657715,40.8647956848145,0.118741132318974,1,79
"03A035","TU5",47.4599990844727,18.3086757659912,76.4202499389648,1.625,19.7999992370605,30.8850002288818,36.1399993896484,42.149600982666,64.4743423461914,21.8983554840088,53.3469619750977,44.3613090515137,29.5246505737305,57.3505172729492,0.673599600791931,0.619701325893402,0.732105016708374,0.459198564291,0.557005763053894,72,89,73,156,0.685393273830414,25.7197227478027,39.1913871765137,32.3758316040039,68.4113922119141,0.427260249853134,7,14,17,14,-0.0297029707580805,13.7206907272339,17.3858127593994,9.55885124206543,39.2342872619629,0.113933525979519,1,80
"03A036","TU5",34.9900016784668,12.8441286087036,67.2603530883789,5.2649998664856,12.9200000762939,19.7800006866455,24.4599990844727,30.3999996185303,75.3031005859375,11.7198028564453,62.3914375305176,50.9062309265137,35.8105316162109,65.3201065063477,0.536842882633209,0.512396156787872,0.671881020069122,0.396879971027374,0.472763031721115,123,127,101,176,0.764705896377563,32.9519462585449,46.1863899230957,36.7219429016113,73.1683349609375,0.337916105985641,8,16,17,12,-0.155555561184883,20.5591926574707,23.5117511749268,13.1503229141235,47.7936325073242,0.17127425968647,1,81
"03A040","TU1",8.47999954223633,0.931356549263,110.648345947266,0.239999994635582,0.550000011920929,1.38999998569489,2.22000002861023,4.49560022354126,9.64432239532471,64.6374816894531,24.8963375091553,19.5627098083496,28.9843273162842,7.67190551757812,0.403371572494507,0.451722234487534,0.420648008584976,0.62169748544693,0.57221919298172,184,187,181,183,0.689119160175323,116.981109619141,123.781387329102,99.8752746582031,150.333892822266,0.137682318687439,27,45,34,86,-0.151999995112419,29.1240119934082,24.214994430542,28.9481773376465,11.5334739685059,0.133782759308815,1,82
"03A043","TU5",39.7900009155273,15.8759422302246,70.5995330810547,5.28999996185303,16.0599994659424,25.5400009155273,31.2360000610352,36.8791999816895,73.8946228027344,15.6226968765259,63.7102737426758,52.9000244140625,33.443286895752,60.7096824645996,0.618908226490021,0.602867007255554,0.67926561832428,0.480988442897797,0.529157280921936,161,159,133,187,0.7108433842659,35.0927772521973,50.0713882446289,42.5724983215332,80.2072219848633,0.377476871013641,10,20,23,24,-0.0675675645470619,22.3577041625977,26.4877758026123,14.2376432418823,48.6935501098633,0.127696543931961,1,83
"03A047","TU5",32.4099998474121,12.1778011322021,70.1665725708008,4.32000017166138,12.2550001144409,19.2000007629395,23.1669998168945,29.2021007537842,72.0805053710938,15.586238861084,73.8903503417969,64.2304306030273,37.4902267456055,74.4971923828125,0.656647443771362,0.641032874584198,0.767318367958069,0.548579156398773,0.53287410736084,127,135,85,192,0.788235306739807,27.125,41.445556640625,33.7202758789062,70.7683334350586,0.412931859493256,9,18,17,21,0.0849673226475716,20.0427570343018,26.6206588745117,12.6418085098267,52.7204208374023,0.128310114145279,1,84
"03A072","TU5",38.0699996948242,14.2732629776001,76.3546752929688,1.21000003814697,15.0799999237061,23.1200008392334,28.5,35.9000015258789,63.981803894043,22.7187576293945,69.3342361450195,54.7674827575684,39.0212440490723,57.9868087768555,0.583964169025421,0.564356327056885,0.722283184528351,0.427722841501236,0.529760003089905,149,145,132,173,0.728813588619232,34.8161125183105,47.5108337402344,39.3347206115723,78.3833312988281,0.376475691795349,10,19,22,15,-0.100000001490116,24.1394844055176,26.020486831665,15.34889793396,45.4519920349121,0.149201631546021,1,85
"03A078","TU1",6.38000011444092,1.11335599422455,93.7306747436523,0.389999985694885,0.810000002384186,1.49000000953674,2.39000010490417,5.17980003356934,12.5106382369995,70.2411346435547,20.1485214233398,16.3290634155273,20.4251556396484,13.0487232208252,0.484012752771378,0.53588455915451,0.585732221603394,0.547478675842285,0.586928427219391,165,169,169,192,0.558974385261536,85.7594451904297,94.8747253417969,77.8744430541992,143.99333190918,0.255773454904556,21,31,37,31,-0.126436784863472,17.279260635376,15.4921531677246,15.9059762954712,18.7892913818359,0.098943404853344,3,86
"03A079","TU5",34,14.6155967712402,68.6606826782227,5.23000001907349,15.5900001525879,23.4099998474121,27.4099998474121,32.1875,77.6878356933594,14.3688335418701,53.9739761352539,43.1800994873047,31.7725372314453,47.192325592041,0.511094927787781,0.499000638723373,0.639357149600983,0.391037672758102,0.526062548160553,139,138,122,182,0.65765768289566,45.0233345031738,58.5538902282715,49.3494453430176,97.1630554199219,0.356333673000336,11,22,25,18,-0.125,24.3008842468262,25.2836284637451,15.6795711517334,45.8535041809082,0.138061970472336,1,87
"03A087","TU5",7.61999988555908,1.39494097232819,91.9878005981445,0.389999985694885,1.04999995231628,2.0699999332428,3.24000000953674,5.20359992980957,18.3107891082764,51.4351692199707,30.3302364349365,24.7488975524902,31.7357978820801,10.0739040374756,0.342065572738647,0.387542337179184,0.400182873010635,0.581280410289764,0.535280346870422,197,193,188,186,0.600000023841858,116.900833129883,116.190551757812,92.5758361816406,152.603881835938,0.152247563004494,25,37,28,77,-0.099041536450386,35.456298828125,28.755880355835,29.3796806335449,15.3731679916382,0.140492260456085,1,88
"03A091","TL3",33.1300010681152,12.6671361923218,69.0199127197266,5.1875,12.8000001907349,19.8449993133545,24.6529998779297,30.0333003997803,69.9876098632812,14.0272617340088,62.6370697021484,53.0193290710449,36.6624565124512,74.2531814575195,0.609563112258911,0.583393156528473,0.707761883735657,0.454818606376648,0.44961217045784,147,142,129,181,0.772727251052856,28.3133335113525,37.6283340454102,31.5208339691162,58.843334197998,0.282568901777267,6,14,15,7,-0.391304343938828,17.7346420288086,19.9502906799316,11.5563116073608,43.6930465698242,0.193650305271149,1,89
"03A093","GS2",1.00999999046326,0.286426872014999,57.7688026428223,0.180000007152557,0.25,0.379999995231628,0.519999980926514,0.738399982452393,0,40.0576362609863,16.6627540588379,13.9086875915527,14.5763759613037,7.94748830795288,0.431027323007584,0.521596550941467,0.597158789634705,0.570246875286102,0.664078295230865,176,174,166,162,0.282511204481125,107.765830993652,104.636390686035,91.0341644287109,130.147506713867,0.0987062305212021,69,76,64,91,-0.133333340287209,17.9567546844482,14.5535488128662,13.2694816589355,10.3434581756592,0.0611896514892578,3,90
"03A094","GS1",1.11000001430511,0.225260987877846,69.888557434082,0.109999999403954,0.219999998807907,0.319999992847443,0.430000007152557,0.656799972057343,0,81.6991271972656,17.074592590332,14.2863702774048,14.7938823699951,5.88922166824341,0.402081310749054,0.495847880840302,0.567389190196991,0.624982297420502,0.634946823120117,178,171,168,171,0.536363661289215,122.217781066895,115.28971862793,100.434722900391,141.007507324219,0.0775866284966469,51,69,53,105,-0.0897832810878754,20.8681888580322,16.4707164764404,14.8581943511963,8.30424499511719,0.0898043140769005,3,91
"03A097","GS2",8.48999977111816,1.01199471950531,213.571365356445,0.140000000596046,0.230000004172325,0.370000004768372,4.8600001335144,8.17350006103516,5.08379888534546,35.2513961791992,14.031946182251,13.3093891143799,13.5117521286011,11.0773601531982,0.506956160068512,0.573001563549042,0.630877196788788,0.582800388336182,0.722850263118744,151,148,144,173,0.368421047925949,107.166946411133,108.180000305176,103.751113891602,134.902770996094,0.115591503679752,47,53,64,64,-0.0695970728993416,15.0376081466675,14.398097038269,14.018593788147,14.9436655044556,0.0821258798241615,3,92
"03A098","GS1",6.67000007629395,0.755593240261078,202.043075561523,0.125,0.170000001788139,0.28999999165535,2.80999994277954,6.65259981155396,0.549828171730042,3.43642616271973,25.9173622131348,21.2397804260254,19.8410758972168,19.515625,0.578422427177429,0.627752482891083,0.680612027645111,0.656511187553406,0.742916107177734,151,149,144,170,0.488636374473572,110.924163818359,113.5625,111.061943054199,117.379997253418,0.0376713238656521,24,34,46,22,-0.142857149243355,28.7486171722412,24.1204261779785,22.0358848571777,22.9074401855469,0.108428426086903,3,93
"03A100","GS1",0.579999983310699,0.197155550122261,43.872127532959,0.129999995231628,0.180000007152557,0.239999994635582,0.319999992847443,0.43860000371933,0,25.4032249450684,7.22279596328735,5.65087413787842,4.90165996551514,5.81411743164062,0.587222576141357,0.655603468418121,0.709965527057648,0.650635778903961,0.793071985244751,142,138,133,142,0.103773586452007,119.336944580078,119.557777404785,115.558052062988,120.532775878906,0.00544960936531425,84,94,90,88,-0.0604651160538197,8.61946392059326,6.75605964660645,5.66426277160645,7.00791692733765,0.0228265151381493,3,94
"03A102","GS1",0.349999994039536,0.185609370470047,35.5228500366211,0.136749997735023,0.174999997019768,0.230000004172325,0.27700001001358,0.331099987030029,0,4.7512993812561,7.83449363708496,7.39708662033081,6.75107574462891,5.70379829406738,0.78746110200882,0.81348979473114,0.833183109760284,0.818370759487152,0.892263054847717,142,140,132,141,0.12449799478054,120.423889160156,118.258331298828,112.92138671875,122.899719238281,0.0109310047701001,77,90,88,92,-0.0742358043789864,9.43460178375244,8.74767112731934,7.62340831756592,7.00995206832886,0.0244888067245483,3,95
"03A104","TU1",12.9099998474121,3.1288857460022,88.5736312866211,0.790000021457672,2.52999997138977,4.30499982833862,7.51999998092651,11.0137996673584,52.9059028625488,28.7822875976562,32.9027938842773,25.6634387969971,16.9908218383789,17.9459590911865,0.422172009944916,0.438561320304871,0.67441987991333,0.400209605693817,0.618793368339539,171,166,116,203,0.600000023841858,83.4988861083984,98.2141647338867,73.6377792358398,149.904449462891,0.299235016107559,28,39,46,53,-0.0104529615491629,27.4734668731689,25.2051315307617,12.5116634368896,26.9017906188965,0.108983784914017,2,96
"03A105","TU1",25.1700000762939,7.07898950576782,99.2682876586914,0.800000011920929,4.1399998664856,12.6300001144409,18.1399993896484,23.2152004241943,54.9659194946289,31.6942558288574,69.6983108520508,53.1519966125488,25.8331489562988,52.8042984008789,0.616435945034027,0.531481444835663,0.700090765953064,0.433385908603668,0.512118220329285,168,170,98,194,0.759398519992828,38.2094459533691,57.2052764892578,53.9705543518066,98.4250030517578,0.438786894083023,11,24,35,21,-0.0222222227603197,26.6313381195068,30.4057464599609,13.9422941207886,51.9726333618164,0.141593098640442,1,97
"03A108","TU5",4.48999977111816,0.569962322711945,102.529083251953,0.230000004172325,0.449999988079071,0.730000019073486,1.06299996376038,3.11840009689331,1.5974440574646,49.3077735900879,24.6335334777832,14.2626180648804,16.8233203887939,8.89482498168945,0.495628356933594,0.537273168563843,0.671256303787231,0.601200997829437,0.609396457672119,162,156,127,193,0.688888907432556,89.9816665649414,101.398056030273,83.4063873291016,162.815277099609,0.295157611370087,21,34,41,93,-0.0139860138297081,22.1656646728516,14.4620170593262,14.0317230224609,14.4821338653564,0.129281058907509,3,98
"03A112","TL1",13.0699996948242,3.58853220939636,92.8070526123047,0.25,3.28999996185303,6.00750017166138,8.25699996948242,11.9034996032715,30.4582214355469,19.3171615600586,26.7723712921143,21.9144077301025,17.4107990264893,27.0826930999756,0.493834167718887,0.580014050006866,0.687727808952332,0.50116628408432,0.708604395389557,169,163,141,170,0.491124272346497,98.9241638183594,101.459442138672,94.8761138916016,104.369445800781,0.0232362989336252,33,44,52,25,-0.264705896377563,26.4843444824219,22.2342357635498,16.5186901092529,28.266056060791,0.0829954072833061,1,99
"03A116","TU1",15.0699996948242,6.32062721252441,81.3758773803711,0.310000002384186,7.51999998092651,11.335000038147,12.326000213623,13.5746002197266,62.5944023132324,16.5259876251221,29.005744934082,24.3161964416504,18.9786624908447,20.1870803833008,0.445217341184616,0.462967991828918,0.620773255825043,0.458136558532715,0.63129848241806,152,159,139,191,0.514792919158936,84.133056640625,100.939720153809,77.3241653442383,137.953048706055,0.251500815153122,28,42,45,52,0.0038610037881881,24.4034194946289,24.5447006225586,14.6750926971436,27.8486919403076,0.0857585519552231,2,100
"03A118","TU1",17.8400001525879,7.3298077583313,94.6035461425781,0.270000010728836,3.79999995231628,14.539999961853,15.6899995803833,16.9599990844727,40.9870147705078,22.5974025726318,27.1370086669922,23.1830863952637,18.4689121246338,23.3479442596436,0.477093786001205,0.536060094833374,0.683084011077881,0.434119313955307,0.685098528862,157,150,134,193,0.463414639234543,95.3727798461914,102.720001220703,77.7797241210938,134.222229003906,0.173280864953995,33,39,43,41,-0.0447761192917824,25.8813190460205,23.8136672973633,14.3650684356689,31.3381309509277,0.0715228840708733,2,101
"03A119","GS1",0.239999994635582,0.12076923251152,38.7617149353027,0.100000001490116,0.109999999403954,0.150000005960464,0.170000001788139,0.237499997019768,0,1.54669845104218,5.92981910705566,5.55966138839722,6.3443660736084,4.67939805984497,0.676617562770844,0.742104291915894,0.794800460338593,0.735515296459198,0.917026102542877,161,156,145,146,0.0695652142167091,131.777770996094,129.207504272461,118.576385498047,122.467498779297,-0.0362823009490967,107,109,95,103,-0.100436680018902,7.81418371200562,7.18349981307983,7.52292013168335,5.73074150085449,0.0183063708245754,3,102
"03A122","TU5",28.3999996185303,12.796404838562,63.7350730895996,6.07999992370605,14.3599996566772,19.4899997711182,22.7040004730225,26.4043998718262,59.823787689209,11.8942728042603,48.3679275512695,41.4299430847168,25.4268188476562,52.0414924621582,0.503712296485901,0.495123952627182,0.670273065567017,0.379169225692749,0.515492677688599,120,121,101,188,0.625,45.3363876342773,59.0047225952148,50.6463890075684,92.5766677856445,0.309739589691162,15,24,31,17,-0.234042555093765,21.9282703399658,24.4456233978271,12.8777656555176,48.178279876709,0.144058495759964,1,103
"03B002","TU5",25.8600006103516,11.6126260757446,62.4482231140137,5.21500015258789,13.6400003433228,17.3199996948242,20.1609992980957,24.0067005157471,76.8935775756836,10.6903162002563,34.9489593505859,28.7470588684082,19.4092979431152,31.3229026794434,0.594010531902313,0.556587278842926,0.708925604820251,0.415124505758286,0.656679153442383,121,131,114,179,0.575419008731842,47.333610534668,65.6013870239258,54.5550003051758,109.008888244629,0.392835199832916,20,31,36,26,0.0358565747737885,16.5426044464111,18.8584690093994,10.5887422561646,34.1447486877441,0.0761954039335251,1,104
"03B009","GS2",1.0900000333786,0.275012671947479,87.094482421875,0.119999997317791,0.259999990463257,0.430000007152557,0.569999992847443,0.910000026226044,0,37.5118713378906,18.6863460540771,10.2798690795898,14.4210529327393,7.34177589416504,0.524614691734314,0.677563786506653,0.716071724891663,0.611850738525391,0.617754220962524,137,120,101,181,0.626168251037598,85.3838882446289,87.5622253417969,70.099723815918,148.598052978516,0.273596823215485,40,59,44,113,0.0327272713184357,15.9551286697388,9.00128173828125,10.1091184616089,10.9097356796265,0.110633052885532,3,105
"03B014","TU1",32.8899993896484,10.9347496032715,88.2490005493164,0.419999986886978,8.61999988555908,20.2999992370605,23.1299991607666,29.6495990753174,61.0586013793945,23.4089469909668,48.0683441162109,39.9062385559082,26.7586116790771,33.3258781433105,0.514555394649506,0.519906163215637,0.695509850978851,0.431188136339188,0.570333659648895,129,132,108,214,0.774436116218567,51.9358329772949,70.6708297729492,53.7566680908203,128.279998779297,0.440249353647232,12,20,27,28,0.0915492922067642,24.9646949768066,28.2020702362061,14.3845376968384,42.7504348754883,0.105400435626507,2,106
"03B031","GS1",0.860000014305115,0.285659909248352,57.1418495178223,0.150000005960464,0.25,0.379999995231628,0.519999980926514,0.741400003433228,0,20.7696361541748,10.7730016708374,8.85389995574951,6.93375015258789,7.8874659538269,0.534593880176544,0.594299495220184,0.71626752614975,0.613860547542572,0.791615068912506,153,145,115,177,0.259911894798279,117.683609008789,112.761947631836,96.2602767944336,148.062774658203,0.11567547917366,65,72,68,88,0.0268456377089024,12.6780576705933,9.98382949829102,6.67444705963135,11.6784009933472,0.0316134318709373,3,107
"03B036","TU5",35.2099990844727,10.8245220184326,88.6894073486328,0.490000009536743,9.97999954223633,18.5300006866455,24.8540000915527,31.7367992401123,63.5001983642578,26.8033103942871,56.2005729675293,46.2853088378906,28.7935543060303,53.6851005554199,0.629013478755951,0.587083697319031,0.732847630977631,0.450494885444641,0.580891788005829,138,130,105,170,0.643410861492157,38.3402786254883,52.2374992370605,44.0672225952148,83.2149963378906,0.34858313202858,13,25,27,20,-0.046875,21.547456741333,24.1782875061035,12.6885194778442,44.6740531921387,0.134910628199577,1,108
"03B038","TU1",6.3899998664856,1.01222968101501,73.253044128418,0.439999997615814,0.879999995231628,1.45000004768372,1.99000000953674,3,7.65857934951782,74.5396118164062,32.1184005737305,25.9853382110596,41.2284545898438,11.102970123291,0.346803188323975,0.397670418024063,0.479907512664795,0.481671392917633,0.521425724029541,197,194,189,214,0.688311696052551,109.682502746582,113.955558776855,86.1313858032227,160.001937866211,0.204035431146622,23,36,29,82,-0.126760557293892,35.2282676696777,29.6117362976074,35.5106391906738,17.7649669647217,0.1632070094347,1,109
"03B039","TL3",38.2799987792969,15.8639287948608,64.9872131347656,7.02500009536743,16.0200004577637,25.0699996948242,29.6499996185303,34.2299995422363,86.1105804443359,8.72126197814941,52.0450668334961,41.6752014160156,40.5599212646484,36.7286262512207,0.510958850383759,0.50249981880188,0.600234985351562,0.437043428421021,0.526052415370941,146,152,142,184,0.747899174690247,52.5411109924316,64.6952743530273,54.0919456481934,109.567222595215,0.359733253717422,10,18,20,22,-0.130434781312943,27.3450565338135,26.9618854522705,21.9396514892578,40.2425346374512,0.179653018712997,1,110
"03B040","TU5",36.2200012207031,10.8189067840576,71.5915145874023,4.36250019073486,10.9350004196167,16.1375007629395,21.4270000457764,30.9484996795654,73.728271484375,15.7329902648926,62.4626159667969,55.8953437805176,32.8079376220703,64.5756530761719,0.612514793872833,0.596575498580933,0.733823120594025,0.426154851913452,0.477701753377914,106,114,66,182,0.784946262836456,26.4991664886475,37.6025009155273,28.5841674804688,73.9636077880859,0.441108644008636,5,12,15,14,-0.0344827584922314,16.5520725250244,21.0180473327637,9.37787628173828,47.7624855041504,0.135666355490685,1,111
"03B041","TU5",33.3199996948242,13.9009466171265,65.6452255249023,6.44999980926514,15.3199996948242,20.8500003814697,25.2199993133545,30.9111995697021,71.2534942626953,16.8350887298584,62.1370468139648,55.3024291992188,37.8992004394531,54.6070137023926,0.525173366069794,0.51058304309845,0.669632256031036,0.383121997117996,0.501135885715485,138,133,123,186,0.779660999774933,36.4472236633301,49.9544448852539,35.1030540466309,93.9322204589844,0.432692289352417,8,16,15,13,-0.103448279201984,22.6472282409668,27.6260223388672,13.3037767410278,51.2935791015625,0.127297833561897,1,112
"03B043","TU1",7.11999988555908,0.707469046115875,105.273986816406,0.259999990463257,0.509999990463257,0.920000016689301,1.52999997138977,3.56680011749268,3.67985272407532,73.1064071655273,44.0039939880371,33.5476264953613,16.9423236846924,23.3533191680908,0.380614548921585,0.417582184076309,0.7051842212677,0.320245355367661,0.463873088359833,148,147,65,181,0.779220759868622,51.7305564880371,59.9033317565918,38.5319442749023,121.749443054199,0.421958029270172,9,19,20,27,0.0348258689045906,22.7635116577148,20.0961456298828,6.52820682525635,28.4325351715088,0.128190547227859,3,113
"03B046","GS1",0.910000026226044,0.206258654594421,79.2055587768555,0.0900000035762787,0.150000005960464,0.270000010728836,0.448000013828278,0.814000010490417,0,24.5743465423584,10.6454496383667,12.5779571533203,18.2400989532471,4.74167728424072,0.62779426574707,0.633470892906189,0.595385372638702,0.791075468063354,0.806210339069366,191,183,176,175,0.188524588942528,147.968887329102,138.072784423828,120.088890075684,146.663330078125,-0.00204309984110296,99,84,62,110,-0.103202849626541,15.7519540786743,17.366735458374,21.904333114624,6.95430183410645,0.0538924969732761,3,114
"03B053","GS2",0.519999980926514,0.180408671498299,36.9728775024414,0.129999995231628,0.170000001788139,0.219999998807907,0.270000010728836,0.378899991512299,0,30.8233642578125,10.4363803863525,8.1139612197876,5.5835394859314,6.84873390197754,0.457748770713806,0.532570540904999,0.707104325294495,0.600188136100769,0.736935913562775,148,146,125,151,0.187772929668427,117.465278625488,117.590835571289,105.42472076416,130.946395874023,0.0557966902852058,78,85,85,94,-0.0460251048207283,12.2591228485107,9.54127502441406,5.88643074035645,8.96817016601562,0.034394908696413,3,115
"03B054","GS2",17.7600002288818,3.01892828941345,140.659942626953,0.150000005960464,0.300000011920929,6.71000003814697,9.63000011444092,15.0315999984741,21.6424674987793,42.286750793457,50.0001678466797,37.5043983459473,30.261402130127,37.8817024230957,0.567857682704926,0.578683853149414,0.693842172622681,0.52942019701004,0.634469985961914,132,131,112,165,0.642276406288147,67.5469436645508,77.4836120605469,67.3016662597656,106.347778320312,0.239953100681305,14,24,30,18,-0.115942031145096,33.7735862731934,29.0597629547119,20.3664283752441,40.2863502502441,0.156663820147514,3,116
"03B055","TU1",25.7600002288818,10.0796575546265,66.9965515136719,3.71000003814697,10.7250003814697,15.25,18.8980007171631,23.6599998474121,80,13.4896812438965,37.0763854980469,31.7286968231201,19.9347763061523,30.7751502990723,0.525194644927979,0.50147408246994,0.662932693958282,0.446419417858124,0.602926135063171,154,151,118,170,0.644444465637207,53.4638900756836,73.2099990844727,57.6686096191406,118.021110534668,0.378994166851044,15,23,28,34,-0.0441767051815987,19.8224773406982,23.2285785675049,11.4961080551147,36.321174621582,0.099134273827076,1,117
"03B057","TL3",25.1900005340576,8.54568004608154,86.899040222168,0.430000007152557,7.59000015258789,13.9399995803833,20.0440006256104,24.0970001220703,61.3366775512695,25.7527370452881,58.7731590270996,43.7261772155762,36.5440483093262,39.7094841003418,0.529742300510406,0.538096308708191,0.638620615005493,0.543067216873169,0.568440020084381,156,153,134,191,0.687943279743195,68.2644424438477,77.5822219848633,65.5905532836914,116.948059082031,0.291088312864304,14,24,30,23,-0.0215827338397503,40.1211700439453,33.9237403869629,23.9694423675537,46.4394721984863,0.171382248401642,1,118
"03B062","TU5",33.0400009155273,11.3063764572144,70.9636154174805,4.31500005722046,11.1949996948242,17.4974994659424,22.5750007629395,28.3974990844727,66.3466415405273,13.3906011581421,60.4941864013672,50.0481834411621,28.4798908233643,63.1414184570312,0.60605251789093,0.614707589149475,0.704476416110992,0.516221702098846,0.529196560382843,137,136,103,190,0.701492547988892,40.1505546569824,56.7372207641602,53.299446105957,87.3547210693359,0.326206833124161,15,28,33,19,-0.136363640427589,24.2887516021729,28.3959484100342,15.1796245574951,55.1570091247559,0.16162496805191,1,119
"03B065","TL3",12.3000001907349,2.07915616035461,106.462226867676,0.419999986886978,1.24000000953674,2.96000003814697,5.40999984741211,9.69340038299561,32.9446067810059,53.9905242919922,50.2105445861816,41.4158821105957,52.7739105224609,18.3541374206543,0.317855209112167,0.328623086214066,0.380318760871887,0.394064992666245,0.454357981681824,199,196,196,191,0.689189195632935,89.6238861083984,96.5802764892578,78.5766677856445,144.005828857422,0.271330177783966,17,22,23,42,-0.161290317773819,45.0006408691406,39.9995727539062,41.4679794311523,26.4310283660889,0.205525606870651,1,120
"03B076","TU5",27.0599994659424,8.93771266937256,87.9758453369141,0.610000014305115,8.1899995803833,15.6850004196167,20.5900001525879,24.6135005950928,49.6153831481934,21.8803424835205,48.7359428405762,39.2328224182129,24.2429447174072,47.3091735839844,0.560045063495636,0.515593528747559,0.659042716026306,0.359907597303391,0.517517507076263,123,124,106,181,0.681818187236786,34.9905548095703,52.1425018310547,48.7936096191406,85.2427749633789,0.403637886047363,10,24,27,20,-0.0515463910996914,17.0529766082764,20.4569759368896,11.829008102417,40.3276519775391,0.119014099240303,1,121
"03B081","TU1",4.40999984741211,1.06318640708923,80.5948715209961,0.280000001192093,0.774999976158142,1.74749994277954,2.3199999332428,3.02220010757446,10.462963104248,44.0740737915039,18.9399852752686,14.6970243453979,15.1601858139038,9.16382312774658,0.393492013216019,0.469776660203934,0.652978599071503,0.52729320526123,0.622223079204559,190,185,182,182,0.59358286857605,100.330276489258,102.80305480957,74.674446105957,144.707778930664,0.187153354287148,27,38,42,53,-0.16317991912365,19.0025386810303,15.1089897155762,11.3207845687866,13.2607650756836,0.0720725804567337,3,122
"03B087","TU5",33.8499984741211,9.95805740356445,83.9609680175781,1.75,9.23999977111816,15.1149997711182,22.1200008392334,31,70.9671020507812,20.3788642883301,48.0289077758789,38.5830574035645,23.5643692016602,47.1676597595215,0.522190511226654,0.487312108278275,0.662464082241058,0.347409933805466,0.513264238834381,127,131,121,177,0.645569622516632,41.758056640625,57.7591667175293,50.8508338928223,92.3338851928711,0.357859075069427,13,25,30,20,-0.0666666701436043,20.0559387207031,22.2852516174316,11.9826784133911,43.5517311096191,0.129652172327042,1,123
"03B092","TU5",29,11.2951974868774,63.715389251709,5.1399998664856,11.8599996566772,17.2600002288818,20.4500007629395,24.8799991607666,69.103271484375,10.369740486145,52.3409996032715,45.9768867492676,24.5470771789551,63.4120407104492,0.626229405403137,0.606758773326874,0.721384644508362,0.440872102975845,0.523209273815155,82,107,79,170,0.704545438289642,27.5022220611572,45.2516670227051,43.1269454956055,69.7336120605469,0.379536271095276,8,20,26,14,-0.111111111938953,14.3949375152588,20.8053073883057,10.586404800415,44.2195053100586,0.152162164449692,1,124
"03B096","TL3",27.1299991607666,10.9714574813843,66.1192626953125,4.58449983596802,11.3489999771118,16.7700004577637,20.6574001312256,25.2353401184082,66.566780090332,11.0873289108276,57.3634757995605,44.626091003418,31.1537532806396,44.4068183898926,0.481468051671982,0.484220266342163,0.608046174049377,0.469999819993973,0.523737788200378,159,163,151,185,0.655172407627106,58.8450012207031,74.9066696166992,61.6525001525879,106.620834350586,0.300953149795532,15,27,32,23,-0.162162154912949,33.7555389404297,33.4279174804688,19.207067489624,47.3469200134277,0.146923378109932,1,125
"03B099","TL1",23.5900001525879,11.3160781860352,53.6607818603516,8.09000015258789,12.5649995803833,16.0249996185303,17.8129997253418,21.2600002288818,49.287410736084,6.71021366119385,38.8522453308105,30.7004127502441,21.4695339202881,32.0910606384277,0.46633368730545,0.459146499633789,0.620149552822113,0.383137822151184,0.52953028678894,125,129,114,159,0.580246925354004,55.1922225952148,68.5630569458008,62.352222442627,95.6761093139648,0.273112297058105,14,27,35,26,-0.154362410306931,21.4434185028076,21.0491409301758,13.3867321014404,30.7034797668457,0.120240919291973,1,126
"03B101","TL3",23.4500007629395,5.140456199646,107.048728942871,0.219999998807907,3.72000002861023,8.65999984741211,13.1899995803833,21.6268005371094,24.3321723937988,16.724739074707,40.3152198791504,32.3752746582031,22.5487442016602,28.0556011199951,0.461275964975357,0.504588961601257,0.683201134204865,0.505723476409912,0.584862887859344,148,144,125,177,0.651376128196716,72.8702774047852,76.7894439697266,60.897777557373,125.858055114746,0.286418437957764,13,26,32,27,-0.0344827584922314,29.3778133392334,24.8607921600342,13.7316837310791,35.3102340698242,0.103603512048721,1,127
"03B103","TU1",30.5599994659424,10.1896448135376,78.9931793212891,2.02250003814697,9.82999992370605,16.6025009155273,21.2280006408691,27.843599319458,53.8627548217773,18.3858432769775,67.6135406494141,52.8696937561035,49.6102523803711,39.4325828552246,0.596671998500824,0.607116401195526,0.680570542812347,0.504000604152679,0.621328949928284,178,175,166,187,0.593984961509705,67.6272201538086,78.3122253417969,71.4349975585938,105.585556030273,0.261450529098511,17,27,32,24,-0.157088115811348,45.7251586914062,41.403434753418,35.4390830993652,41.6351127624512,0.199088841676712,1,128
"03B105","TU5",28.9300003051758,10.040096282959,73.9253997802734,2.73000001907349,10.1190004348755,15.2700004577637,20.0820007324219,27.256799697876,71.0117645263672,16.0470581054688,59.5353813171387,47.5812759399414,24.0784645080566,58.0064697265625,0.603122532367706,0.541572034358978,0.670808434486389,0.392799526453018,0.46344318985939,126,136,105,191,0.759999990463257,36.3461112976074,54.2552795410156,55.6725006103516,86.5788879394531,0.377451926469803,11,23,36,19,-0.0980392172932625,21.6387958526611,25.8153533935547,13.405083656311,50.2213554382324,0.158902689814568,1,129
"03B108","TL1",10.3400001525879,2.80364465713501,84.7531356811523,0.25,2.76999998092651,4.57999992370605,6.11600017547607,8.32979965209961,32.1200180053711,20.1672401428223,36.7880096435547,28.9272937774658,21.5010738372803,28.356954574585,0.472159117460251,0.47976490855217,0.633542239665985,0.409598737955093,0.566662132740021,149,144,131,175,0.619631886482239,69.163330078125,80.0686111450195,69.6474990844727,112.781944274902,0.246538773179054,20,30,39,36,-0.051020409911871,25.4438133239746,23.1616821289062,14.9749603271484,31.9815254211426,0.126402944326401,1,130
"03B109","TU5",9.82999992370605,2.96635484695435,50.710391998291,2.24499988555908,3.11999988555908,3.99000000953674,4.73000001907349,6.01000022888184,68.318717956543,14.1441097259521,30.2382831573486,27.5587253570557,12.0106344223022,24.620512008667,0.466520965099335,0.374728709459305,0.679426491260529,0.307632505893707,0.559364974498749,89,111,76,168,0.639639616012573,42.1141662597656,60.948055267334,52.8383331298828,106.053886413574,0.434027105569839,16,27,37,39,0.102564103901386,12.734601020813,16.7965068817139,6.34621906280518,26.1110095977783,0.0688023269176483,1,131
"03B111","GS1",6.7189998626709,1.57540130615234,136.422164916992,0.119000002741814,0.189999997615814,3.09999990463257,5.13800001144409,6.66200017929077,3.33333325386047,6.92810440063477,14.2040691375732,11.4121265411377,10.0564250946045,10.8276338577271,0.509621262550354,0.643932044506073,0.74128520488739,0.611996352672577,0.770794272422791,164,158,141,160,0.520661175251007,131.508056640625,128.254165649414,119.624725341797,122.413887023926,-0.0331490449607372,27,37,44,20,-0.214285716414452,18.6794948577881,14.6365280151367,12.0299711227417,13.25452709198,0.0604168884456158,3,132
"03B116","TU5",23.4899997711182,10.4803915023804,72.3165283203125,0.689999997615814,12.8100004196167,17.2299995422363,19.3780002593994,22.4179992675781,53.00146484375,18.0575885772705,51.152515411377,45.7740592956543,27.4148254394531,45.8155860900879,0.530266582965851,0.510345458984375,0.655058145523071,0.446884006261826,0.528058230876923,125,140,123,180,0.65656566619873,49.8699989318848,64.6016693115234,58.1349983215332,93.8649978637695,0.307395994663239,12,25,32,25,-0.104477614164352,25.5097579956055,29.5708065032959,15.9376077651978,43.0047988891602,0.111739635467529,1,133
"03B118","TU5",35.9599990844727,12.700870513916,70.8279113769531,4.11999988555908,13.2700004577637,19.6800003051758,24.996000289917,30.6340007781982,66.3565139770508,14.5935354232788,46.8183937072754,39.1595344543457,20.1293869018555,55.085205078125,0.586567163467407,0.586024522781372,0.68855482339859,0.473335295915604,0.519595563411713,102,124,106,180,0.649635016918182,35.1197204589844,52.6500015258789,55.122501373291,72.9980545043945,0.322751492261887,15,26,37,18,-0.148936167359352,16.4424896240234,20.6174964904785,11.0958213806152,40.2111282348633,0.136264145374298,1,134
"03B121","GS1",0.529999971389771,0.188723400235176,39.2235679626465,0.129999995231628,0.180000007152557,0.230000004172325,0.28999999165535,0.366600006818771,0,29.2652549743652,15.3387012481689,11.7322101593018,10.3903617858887,8.43337726593018,0.436682820320129,0.556185305118561,0.652568459510803,0.548373341560364,0.683235287666321,155,150,135,151,0.263157904148102,105.298889160156,105.776390075684,96.8980560302734,127.420280456543,0.0987754240632057,65,74,73,90,-0.0511945374310017,16.151481628418,12.4099082946777,10.0680589675903,10.7458333969116,0.0517430230975151,3,135
"03B122","TL1",13.9499998092651,4.84725522994995,72.752571105957,2.20000004768372,4.44000005722046,7.07000017166138,10.210000038147,13.6059999465942,23.5843181610107,6.09832000732422,35.2292175292969,27.8548374176025,24.7644329071045,28.2037601470947,0.531022489070892,0.588393986225128,0.638100147247314,0.575108706951141,0.681322813034058,142,135,125,163,0.549295783042908,86.5269470214844,91.1900024414062,84.9927749633789,111.214164733887,0.136592373251915,19,28,38,24,-0.0588235296308994,30.4827671051025,25.4008274078369,21.0479793548584,31.3665771484375,0.113686136901379,1,136
"03B123","TU5",23.3400001525879,10.1447811126709,57.4665069580078,5.92500019073486,11.0600004196167,14.6000003814697,17.3400001525879,20.9965991973877,59.2905387878418,4.67342329025269,49.913143157959,38.3359489440918,27.2132835388184,43.4616546630859,0.55306476354599,0.53587818145752,0.68773341178894,0.41925835609436,0.602291941642761,130,125,109,159,0.58208954334259,45.4219436645508,57.4652786254883,53.4458351135254,86.1230545043945,0.305275201797485,15,23,29,18,-0.046875,22.6715202331543,22.0298595428467,14.5443668365479,37.4305038452148,0.120627664029598,1,137
"03C003","GS2",0.46000000834465,0.185688629746437,38.2285194396973,0.129999995231628,0.170000001788139,0.230000004172325,0.280000001192093,0.379999995231628,0,23.1301937103271,13.9419479370117,9.86470985412598,9.24187469482422,6.660813331604,0.525174856185913,0.635814070701599,0.700192511081696,0.643689453601837,0.726765751838684,160,145,126,161,0.276995301246643,117.099723815918,115.380279541016,105.301109313965,130.048889160156,0.0562323555350304,69,81,76,94,-0.0702341124415398,16.3259830474854,11.381929397583,9.73179626464844,8.66231346130371,0.0609928444027901,3,138
"03C017","TU5",38.939998626709,11.8325252532959,85.9048080444336,3.46749997138977,9.1850004196167,19.1700000762939,27.2950000762939,36.7050018310547,69.5841979980469,17.4821968078613,62.1920433044434,52.7766418457031,28.0171566009521,83.2174530029297,0.65974086523056,0.662743389606476,0.810023784637451,0.540240585803986,0.48170331120491,93,109,91,180,0.716216206550598,23.6672229766846,34.827220916748,33.5580558776855,51.0913887023926,0.295975863933563,10,19,23,13,-0.140186920762062,14.7191295623779,18.3806381225586,9.40201282501221,42.5169525146484,0.157485648989677,1,139
"03C020","TU5",33.939998626709,12.6858348846436,71.8342895507812,4.82000017166138,12.6000003814697,19.8400001525879,24.8880004882812,31.6128005981445,60.9916152954102,16.0772876739502,56.8990859985352,46.6219139099121,25.3718948364258,62.2313461303711,0.681265294551849,0.656581580638885,0.731308162212372,0.458213806152344,0.527495682239532,101,120,86,177,0.712328791618347,29.5699996948242,41.0138893127441,37.9775009155273,64.087776184082,0.333467870950699,13,22,26,15,-0.142857149243355,16.8250598907471,19.1214599609375,9.63561153411865,39.8826866149902,0.145498648285866,1,140
"03C026","GS1",5.51000022888184,0.794164776802063,124.059921264648,0.170000001788139,0.389999985694885,1.02999997138977,2.27999997138977,4.34660005569458,6.79492425918579,47.851001739502,22.8145046234131,17.4605445861816,27.07541847229,7.52234506607056,0.473676830530167,0.535225450992584,0.583114564418793,0.650415420532227,0.651920974254608,192,186,174,191,0.693693697452545,112.048332214355,112.514442443848,81.1474990844727,154.155548095703,0.168556377291679,17,29,29,83,-0.060606062412262,25.5632724761963,19.6456336975098,21.9710254669189,11.5961122512817,0.124201163649559,1,141
"03C030","TU5",38.3600006103516,16.4680137634277,65.4048843383789,6.73999977111816,16.5599994659424,26.0200004577637,30.6299991607666,36.0943984985352,81.7380905151367,11.1393165588379,55.3822708129883,48.3360366821289,30.02099609375,59.0426902770996,0.673863172531128,0.62475049495697,0.752481698989868,0.457016795873642,0.545569598674774,101,126,87,183,0.7124183177948,31.3130550384521,44.0672225952148,38.3183326721191,76.8688888549805,0.389381557703018,11,20,23,15,-0.136000007390976,17.3418807983398,21.3003482818604,11.5035448074341,45.3854598999023,0.130726978182793,1,142
"03C032","GS2",2.73000001907349,0.368212550878525,105.611457824707,0.170000001788139,0.270000010728836,0.409999996423721,0.677999973297119,2.04119992256165,0.107296139001846,22.1030044555664,35.228271484375,27.3239517211914,35.3891677856445,7.36793518066406,0.45239132642746,0.53520256280899,0.569830477237701,0.654623806476593,0.581825494766235,205,203,198,182,0.590476214885712,98.8027801513672,105.348609924316,89.3005523681641,155.640548706055,0.242924243211746,33,48,47,65,-0.22270742058754,34.806510925293,28.7854042053223,31.6027221679688,11.4674949645996,0.164855375885963,3,143
"03C036","GS2",5,1.06829917430878,78.8984375,0.400000005960464,0.839999973773956,1.60000002384186,2.26999998092651,3.68269991874695,13.8750476837158,77.5776138305664,26.3169269561768,17.3287830352783,20.0253772735596,11.2329158782959,0.389501065015793,0.483601480722427,0.620989561080933,0.452763587236404,0.52939236164093,185,188,175,204,0.623853206634521,88.7666702270508,101.354721069336,72.6263885498047,161.261672973633,0.298959225416183,29,42,43,68,-0.0500000007450581,23.3606605529785,17.5635395050049,14.5437078475952,18.114387512207,0.115002557635307,2,144
"03C037","TL1",22.2900009155273,10.2182950973511,57.4744262695312,6.22499990463257,11.3299999237061,14.9499998092651,17.0900001525879,19.6058006286621,77.4500961303711,12.9877595901489,33.7805480957031,29.8645877838135,33.5966720581055,26.6016006469727,0.352879971265793,0.36892294883728,0.410583198070526,0.317690819501877,0.517912030220032,189,188,186,181,0.581395328044891,78.7111129760742,83.6025009155273,72.1083297729492,115.701667785645,0.197905048727989,22,26,26,32,-0.100917428731918,26.5890464782715,24.9675426483154,24.2259998321533,30.7784957885742,0.132498532533646,1,145
"03C038","TL3",15.6000003814697,7.25251817703247,58.9675559997559,4.23999977111816,7.96000003814697,10.6300001144409,12.4399995803833,14.4300003051758,68.0393218994141,13.058801651001,42.3063201904297,36.691291809082,40.0445289611816,27.6508750915527,0.369945555925369,0.394643545150757,0.430662453174591,0.445638030767441,0.576512813568115,190,180,176,187,0.562043786048889,95.4297256469727,93.5002746582031,75.0461120605469,128.633331298828,0.170579135417938,23,25,23,29,-0.0847457647323608,40.3728065490723,34.3064575195312,30.0518608093262,35.5682411193848,0.127868995070457,1,146
"03C041","TU1",24.0699996948242,7.45158386230469,110.935997009277,0.889999985694885,2.54999995231628,17.0599994659424,20.511999130249,23.153600692749,54.8971176147461,25.5967082977295,47.7793388366699,38.6297264099121,24.1050987243652,31.9306964874268,0.429154247045517,0.454733729362488,0.614984512329102,0.498987287282944,0.607749044895172,190,183,166,190,0.642857134342194,94.0524978637695,92.9172210693359,77.2230529785156,117.716110229492,0.142826899886131,21,34,41,40,-0.0980392172932625,44.9376602172852,35.893669128418,18.6146926879883,37.587574005127,0.112968802452087,2,147
"03C043","TU5",22.6599998474121,8.66416168212891,80.7890777587891,0.785000026226044,9.25,15.1300001144409,17.5639991760254,20.9186000823975,56.979305267334,23.3817710876465,38.3556938171387,31.6260375976562,24.1865558624268,26.5031604766846,0.449535369873047,0.466269046068192,0.591531753540039,0.527352273464203,0.570515394210815,147,145,124,174,0.6822429895401,79.8413925170898,83.6449966430664,72.1311111450195,117.282775878906,0.208124950528145,17,24,34,34,-0.0533333346247673,30.6237201690674,26.4535980224609,17.4460315704346,31.0836429595947,0.130117043852806,1,148
"03C052","GS1",1.28999996185303,0.18739041686058,121.569801330566,0.0199999995529652,0.180000007152557,0.319999992847443,0.46000000834465,0.88400000333786,0,41.3575057983398,14.0334577560425,13.535174369812,29.2113857269287,4.78776168823242,0.608553528785706,0.638635575771332,0.54629373550415,0.785995364189148,0.760468661785126,178,170,158,184,0.344398349523544,131.309173583984,127.009719848633,90.7161102294922,153.504165649414,0.0817644670605659,78,84,45,123,-0.0909090936183929,18.4272174835205,17.1909866333008,26.4994335174561,7.34941339492798,0.0705594271421432,3,149
"03C053","TL3",19.7999992370605,9.03293037414551,52.5438194274902,6.07999992370605,9.30000019073486,12.6700000762939,15.0200004577637,17.3850002288818,61.3384971618652,6.3329644203186,37.0690956115723,33.0916366577148,35.0345802307129,25.1667613983154,0.432956695556641,0.458842009305954,0.446296542882919,0.485756725072861,0.644651472568512,182,181,169,177,0.600000023841858,116.414443969727,117.161109924316,102.191947937012,131.592224121094,0.08388901501894,19,26,19,35,-0.160621762275696,43.1537818908691,38.7705268859863,35.8025207519531,33.1175003051758,0.130501717329025,1,150
"03C058","GS2",0.490000009536743,0.178248181939125,42.9753379821777,0.119999997317791,0.159999996423721,0.230000004172325,0.280000001192093,0.419999986886978,0,19.0542411804199,10.5288438796997,7.98988819122314,9.90232849121094,6.80543613433838,0.556361973285675,0.64238566160202,0.72949081659317,0.627507328987122,0.728499412536621,162,153,133,182,0.310924381017685,113.432502746582,116.513336181641,101.26944732666,152.742218017578,0.148723036050797,72,79,70,110,-0.0287769790738821,11.9431314468384,9.30928516387939,10.0280332565308,10.3947744369507,0.0594624131917953,3,151
"03C065","TU5",29.1599998474121,9.61278057098389,85.9060440063477,1.75,9.07499980926514,17,21.2350006103516,26.5965003967285,68.3107299804688,22.708589553833,48.1308708190918,41.7302551269531,24.8913993835449,42.0123519897461,0.546483039855957,0.524371325969696,0.701337516307831,0.434445053339005,0.563747525215149,117,130,98,190,0.683544278144836,44.6963882446289,60.6766662597656,48.6005554199219,104.103614807129,0.397926092147827,12,22,26,21,-0.0689655169844627,21.5127601623535,25.3205280303955,12.0973587036133,43.7363777160645,0.102446720004082,1,152
"03C066","GS2",0.660000026226044,0.214059412479401,48.3730773925781,0.140000000596046,0.189999997615814,0.259999990463257,0.370000004768372,0.538999974727631,0,36.0929107666016,10.0132465362549,8.25529193878174,6.12750101089478,5.48818397521973,0.501302719116211,0.607378363609314,0.757770419120789,0.620178937911987,0.77131861448288,160,149,120,187,0.280000001192093,121.944999694824,118.180274963379,96.9052810668945,158.553604125977,0.132094115018845,78,82,78,101,0.0129870129749179,12.2106533050537,9.75612640380859,5.9378719329834,8.70171356201172,0.0361433252692223,3,153
"03C067","GS2",1.46000003814697,0.32769563794136,61.3897666931152,0.180000007152557,0.280000001192093,0.430000007152557,0.600000023841858,0.92330002784729,0,41.6415214538574,13.6439294815063,10.2849254608154,7.93446397781372,11.6839637756348,0.430036187171936,0.525139033794403,0.659330308437347,0.458079129457474,0.771420657634735,160,147,127,167,0.17924527823925,119.241386413574,116.002777099609,104.922775268555,130.74055480957,0.0472636222839355,64,71,73,75,-0.0619469024240971,16.2692108154297,11.9307994842529,8.32505989074707,15.2756795883179,0.0339460335671902,3,154
"03C071","TU1",21.8400001525879,2.81366515159607,129.346923828125,0.529999971389771,2.35999989509583,3.38000011444092,4.25299978256226,20.1555995941162,43.1143112182617,31.0981101989746,18.8864345550537,15.7587003707886,13.9940195083618,13.1078147888184,0.494259148836136,0.547641098499298,0.659935712814331,0.562472224235535,0.712947726249695,160,156,141,184,0.441860467195511,105.379722595215,110.243614196777,88.0119476318359,140.145004272461,0.146100044250488,36,53,53,75,-0.0579710155725479,19.9024715423584,17.3729610443115,12.3164091110229,18.3699474334717,0.0627427995204926,2,155
"03C072","GS2",2.16000008583069,0.641825377941132,66.7295684814453,0.28999999165535,0.529999971389771,0.949999988079071,1.25,1.7936999797821,0.139275759458542,81.7548751831055,12.439040184021,11.1247310638428,7.26944923400879,7.88199090957642,0.566202819347382,0.624029159545898,0.775994598865509,0.598448216915131,0.782552719116211,152,155,127,178,0.336787551641464,93.6486129760742,94.4597244262695,78.170280456543,143.349166870117,0.211523681879044,58,66,61,98,0.0730158761143684,11.6489887237549,10.5083904266357,5.68254899978638,11.2987680435181,0.0344926603138447,3,156
"03C073","TU5",37.2900009155273,10.6355953216553,95.0048751831055,1.28250002861023,8.09500026702881,17.9150009155273,26.2199993133545,35.0919990539551,63.062126159668,23.7587738037109,64.9545364379883,49.607738494873,34.3033790588379,52.191535949707,0.602785170078278,0.560942351818085,0.69449657201767,0.416675746440887,0.526919782161713,147,142,132,195,0.714285731315613,42.3766670227051,55.9880561828613,49.3119430541992,91.5486145019531,0.371675252914429,12,23,27,24,-0.0243902429938316,27.5255680084229,27.7744083404541,16.9156627655029,47.7806282043457,0.129988163709641,1,157
"03C074","GS1",0.519999980926514,0.150377660989761,51.2052383422852,0.100000001490116,0.140000000596046,0.200000002980232,0.25,0.370000004768372,0,65.2383499145508,19.8664398193359,17.0947589874268,14.3224449157715,17.792839050293,0.555551528930664,0.648422539234161,0.733201801776886,0.598302185535431,0.75685042142868,150,142,117,173,0.405797094106674,110.885833740234,108.009719848633,93.1902770996094,140.548889160156,0.120958000421524,22,31,33,31,-0.0769230797886848,22.0290679931641,18.4640007019043,13.3471260070801,25.0076370239258,0.0393163040280342,3,158
"03C078","TU5",31.9699993133545,12.4529790878296,74.562744140625,2.79250001907349,12.6149997711182,20.3299999237061,24.8099994659424,30.183500289917,69.2307662963867,19.6553440093994,61.0542678833008,54.2180633544922,28.7793483734131,68.9748840332031,0.673798620700836,0.683334290981293,0.727217137813568,0.511257648468018,0.531352162361145,85,114,80,181,0.720930218696594,27.3791675567627,42.473331451416,38.2730560302734,71.0400009155273,0.402732610702515,10,21,23,19,-0.0526315793395042,16.7161502838135,23.0282173156738,11.0147361755371,48.999755859375,0.123350314795971,1,159
"03C084","TL1",19.5300006866455,7.32590007781982,61.2347412109375,4.07999992370605,8.18000030517578,10.6499996185303,12.5500001907349,16.1947002410889,74.0468063354492,13.571159362793,44.4294128417969,37.6508407592773,26.9663753509521,36.9622802734375,0.574611842632294,0.544952154159546,0.683404505252838,0.423401921987534,0.583356857299805,108,110,92,173,0.745098054409027,39.3461112976074,54.4341659545898,42.6827774047852,99.9266662597656,0.439692050218582,9,20,21,35,0.0476190485060215,17.4812469482422,20.4949207305908,11.5099983215332,36.935173034668,0.101988799870014,1,160
"03C087","TU1",13.6499996185303,4.51809358596802,89.934326171875,0.400000005960464,3.98000001907349,8.29500007629395,10.1499996185303,12.2532997131348,58.1632652282715,25.1700687408447,27.0930194854736,23.1782970428467,15.9202785491943,17.0266399383545,0.454614967107773,0.477856159210205,0.655231118202209,0.40844190120697,0.66949725151062,143,151,117,211,0.516908228397369,85.3280563354492,99.4186096191406,79.9247207641602,154.43278503418,0.296771973371506,36,43,49,67,0.0702341124415398,23.1179466247559,23.0435409545898,12.7242383956909,26.294713973999,0.0772305056452751,2,161
"03C090","TU1",19.1000003814697,2.68469667434692,182.710021972656,0.170000001788139,0.280000001192093,1.75750005245209,13.0920000076294,16.99880027771,10.6406078338623,34.0390892028809,19.2302913665771,15.9889125823975,16.7799606323242,14.2724456787109,0.441663354635239,0.487719148397446,0.578477442264557,0.502287626266479,0.696811676025391,170,170,162,194,0.431111097335815,113.106109619141,116.055000305176,100.717224121094,141.936950683594,0.116719931364059,36,47,56,34,-0.09375,21.7506351470947,18.5559329986572,16.9003105163574,20.2578735351562,0.0774466544389725,2,162
"03C093","GS2",0.509999990463257,0.180545449256897,38.2682418823242,0.129999995231628,0.170000001788139,0.219999998807907,0.275000005960464,0.36149999499321,0,18.4993534088135,8.5938196182251,7.01256608963013,5.40934419631958,7.12533044815063,0.631259322166443,0.705565929412842,0.776755094528198,0.677046656608582,0.804606020450592,153,140,125,158,0.235294118523598,118.360832214355,113.751945495605,104.545829772949,140.604721069336,0.0863571688532829,75,71,78,99,-0.0274509806185961,10.1717166900635,7.97693061828613,5.65524387359619,10.0185508728027,0.0324176028370857,3,163
"03C096","GS1",0.360000014305115,0.165507808327675,39.7865905761719,0.119999997317791,0.150000005960464,0.209999993443489,0.259999990463257,0.344500005245209,0,15.8513927459717,9.90002822875977,7.63185501098633,7.13089179992676,6.80240249633789,0.582337617874146,0.676756739616394,0.754731178283691,0.662353575229645,0.854107737541199,184,178,165,161,0.14509804546833,130.951110839844,131.127227783203,121.157501220703,126.116386413574,-0.0174955539405346,87,98,94,93,-0.0915750935673714,12.9641971588135,10.0074396133423,8.63961029052734,8.57894420623779,0.033833771944046,3,164
"03C100","TL3",18.3400001525879,6.97333097457886,70.6539077758789,2.67000007629395,6.88000011444092,10.625,14.0539999008179,17.5123996734619,39.0132675170898,9.28689861297607,30.842622756958,23.7692031860352,23.0156059265137,17.9523487091064,0.463310241699219,0.488912910223007,0.605463445186615,0.542799293994904,0.59541267156601,162,155,134,183,0.691358029842377,94.7869415283203,97.6036148071289,84.2455520629883,127.867225646973,0.167305961251259,16,27,31,37,-0.141630902886391,29.2347793579102,23.1996021270752,19.3896236419678,22.9551696777344,0.15409243106842,1,165
